-- phpMyAdmin SQL Dump
-- version 3.5.8.2
-- http://www.phpmyadmin.net
--
-- Servidor: sql302.epizy.com
-- Tiempo de generación: 28-01-2019 a las 16:42:16
-- Versión del servidor: 5.6.35-81.0
-- Versión de PHP: 5.3.3

SET SQL_MODE="NO_AUTO_VALUE_ON_ZERO";
SET time_zone = "+00:00";


/*!40101 SET @OLD_CHARACTER_SET_CLIENT=@@CHARACTER_SET_CLIENT */;
/*!40101 SET @OLD_CHARACTER_SET_RESULTS=@@CHARACTER_SET_RESULTS */;
/*!40101 SET @OLD_COLLATION_CONNECTION=@@COLLATION_CONNECTION */;
/*!40101 SET NAMES utf8 */;

--
-- Base de datos: `repsocdb`
--

-- --------------------------------------------------------

--
-- Estructura de tabla para la tabla `alumnos`
--

CREATE TABLE IF NOT EXISTS `alumnos` (
  `id_alumno` int(11) NOT NULL AUTO_INCREMENT,
  `edad` int(11) DEFAULT NULL,
  `fecha` date DEFAULT NULL,
  `generos_id_genero` int(11) NOT NULL,
  `programas_id_programa` int(11) NOT NULL,
  `capturadores_id_capturador` int(11) DEFAULT NULL,
  PRIMARY KEY (`id_alumno`),
  KEY `generos_id_genero` (`generos_id_genero`),
  KEY `programas_id_programa` (`programas_id_programa`),
  KEY `capturadores_id_capturador` (`capturadores_id_capturador`)
) ENGINE=MyISAM  DEFAULT CHARSET=utf8 AUTO_INCREMENT=191 ;

--
-- Volcado de datos para la tabla `alumnos`
--

INSERT INTO `alumnos` (`id_alumno`, `edad`, `fecha`, `generos_id_genero`, `programas_id_programa`, `capturadores_id_capturador`) VALUES
(1, 21, '2017-10-17', 2, 10, 4),
(2, 18, '2007-10-20', 2, 3, 4),
(3, 18, '2017-10-20', 2, 3, 4),
(4, 23, '2017-10-20', 2, 3, 4),
(5, 19, '2017-10-20', 2, 3, 4),
(6, 18, '2017-10-20', 1, 3, 4),
(7, 20, '2017-10-20', 1, 3, 4),
(8, 20, '2017-10-17', 1, 5, 4),
(9, 20, '2017-10-17', 1, 5, 4),
(10, 21, '2017-10-17', 1, 5, 4),
(11, 21, '2017-10-17', 1, 5, 4),
(12, 21, '2017-10-17', 1, 5, 4),
(13, 21, '2017-10-17', 1, 5, 4),
(14, 22, '2017-10-17', 1, 5, 4),
(15, 22, '2017-10-17', 1, 5, 4),
(16, 19, '2017-10-17', 2, 7, 4),
(17, 19, '2017-10-17', 2, 7, 4),
(18, 21, '2017-10-17', 2, 7, 4),
(19, 26, '2017-10-17', 2, 7, 4),
(20, 20, '2017-10-17', 2, 7, 4),
(21, 18, '2017-10-17', 2, 7, 4),
(22, 27, '2017-10-17', 1, 7, 4),
(23, 21, '2017-10-17', 1, 7, 4),
(24, 19, '2017-10-17', 1, 7, 4),
(25, 19, '2017-10-17', 1, 7, 4),
(26, 20, '2017-10-17', 1, 7, 4),
(27, 23, '2017-10-17', 1, 7, 4),
(28, 20, '2017-10-17', 1, 7, 4),
(29, 20, '2017-10-17', 1, 7, 4),
(30, 22, '2017-10-17', 1, 7, 4),
(31, 19, '2017-10-17', 1, 7, 4),
(32, 22, '2017-10-17', 1, 7, 4),
(33, 21, '2017-10-20', 2, 1, 4),
(34, 26, '2017-10-20', 2, 1, 4),
(35, 21, '2017-10-20', 2, 1, 4),
(36, 22, '2017-10-20', 2, 1, 4),
(37, 19, '2017-10-20', 2, 1, 4),
(38, 19, '2017-10-20', 2, 1, 4),
(39, 20, '2017-10-20', 2, 1, 4),
(40, 20, '2017-10-20', 2, 1, 4),
(41, 18, '2017-10-20', 2, 1, 4),
(42, 19, '2017-10-20', 2, 1, 4),
(43, 21, '2017-10-20', 1, 1, 4),
(44, 22, '2017-10-20', 1, 1, 4),
(45, 21, '2017-10-20', 1, 1, 4),
(46, 22, '2017-10-20', 1, 1, 4),
(47, 21, '2017-10-20', 1, 1, 4),
(48, 21, '2017-10-20', 1, 1, 4),
(49, 20, '2017-10-20', 1, 1, 4),
(50, 29, '2017-10-20', 1, 1, 4),
(51, 19, '2017-10-20', 1, 1, 4),
(52, 18, '2017-10-17', 1, 1, 4),
(53, 19, '2017-10-20', 1, 1, 4),
(54, 35, '2017-10-24', 1, 12, 4),
(55, 35, '2017-10-24', 1, 12, 4),
(56, 25, '2017-10-24', 1, 12, 4),
(57, 30, '2017-10-24', 1, 12, 4),
(58, 28, '2017-10-24', 1, 12, 4),
(59, 26, '2017-10-24', 1, 12, 4),
(60, 23, '2017-10-24', 1, 12, 4),
(61, 33, '2017-10-24', 1, 12, 4),
(62, 31, '2017-10-20', 1, 12, 4),
(63, 32, '2017-10-24', 1, 12, 4),
(64, 46, '1970-01-01', 1, 12, 4),
(65, 31, '2017-10-24', 1, 12, 4),
(66, 34, '2017-10-24', 1, 12, 4),
(67, 30, '2017-10-24', 2, 12, 4),
(68, 28, '2017-10-24', 2, 12, 4),
(69, 24, '2017-10-24', 2, 12, 4),
(70, 28, '2017-10-24', 2, 12, 4),
(71, 27, '2017-10-24', 2, 12, 4),
(72, 46, '2017-10-24', 2, 12, 4),
(73, 31, '2017-10-24', 2, 12, 4),
(74, 30, '2017-10-24', 2, 12, 4),
(75, 19, '2017-10-17', 1, 8, 4),
(76, 19, '2017-10-17', 1, 8, 4),
(77, 23, '2017-10-17', 1, 8, 4),
(78, 19, '2017-10-17', 1, 8, 4),
(79, 19, '2017-10-17', 1, 8, 4),
(80, 19, '2017-10-17', 1, 8, 4),
(81, 20, '2017-10-17', 1, 8, 4),
(82, 20, '2017-10-17', 1, 8, 4),
(83, 19, '2017-10-17', 1, 8, 4),
(84, 19, '2017-10-17', 1, 8, 4),
(85, 19, '2017-10-17', 1, 8, 4),
(86, 20, '2017-10-17', 1, 8, 4),
(87, 18, '2017-10-17', 1, 8, 4),
(88, 19, '2017-10-17', 1, 8, 4),
(89, 18, '2017-10-17', 1, 8, 4),
(90, 20, '2017-10-17', 1, 8, 4),
(91, 19, '2017-10-17', 1, 8, 4),
(92, 20, '2017-10-17', 1, 8, 4),
(93, 19, '2017-10-17', 2, 8, 4),
(94, 28, '2017-10-17', 2, 8, 4),
(95, 19, '2017-10-17', 2, 8, 4),
(96, 19, '2017-10-17', 2, 8, 4),
(97, 20, '2017-10-17', 2, 8, 4),
(98, 20, '2017-10-17', 2, 8, 4),
(99, 20, '2017-10-17', 2, 8, 4),
(100, 19, '1970-01-01', 2, 8, 4),
(101, 22, '2017-10-17', 2, 8, 4),
(102, 18, '2017-10-17', 2, 8, 4),
(103, 26, '2017-10-17', 2, 8, 4),
(104, 19, '2017-10-17', 2, 8, 4),
(105, 26, '2017-10-17', 2, 8, 4),
(106, 29, '2017-10-17', 2, 8, 4),
(107, 26, '2017-10-17', 2, 8, 4),
(108, 24, '2017-10-17', 2, 8, 4),
(109, 22, '2017-10-17', 2, 8, 4),
(110, 21, '2017-10-17', 2, 8, 4),
(111, 23, '2017-10-19', 2, 2, 4),
(112, 20, '2017-10-19', 2, 2, 4),
(113, 18, '2017-10-19', 2, 2, 4),
(114, 17, '2017-10-19', 2, 2, 4),
(115, 19, '2017-10-19', 2, 2, 4),
(116, 21, '2017-10-19', 2, 2, 4),
(117, 19, '2017-10-10', 2, 2, 4),
(118, 18, '2017-10-19', 2, 2, 4),
(119, 20, '2017-10-19', 2, 2, 4),
(120, 17, '2017-10-14', 2, 2, 4),
(121, 20, '2017-10-19', 2, 2, 4),
(122, 21, '2017-10-19', 2, 2, 4),
(123, 21, '2017-10-20', 2, 2, 4),
(124, 24, '2017-10-19', 1, 2, 4),
(125, 18, '2017-10-19', 1, 2, 4),
(126, 18, '2017-10-19', 1, 2, 4),
(127, 19, '2017-10-19', 1, 2, 4),
(128, 20, '2017-10-19', 1, 2, 4),
(129, 20, '2017-10-19', 1, 2, 4),
(130, 17, '2017-10-19', 1, 2, 4),
(131, 18, '2017-10-19', 1, 2, 4),
(132, 22, '2017-10-20', 2, 2, 4),
(133, 26, '2017-10-10', 2, 2, 4),
(134, 20, '2017-10-17', 2, 2, 4),
(135, 19, '2017-10-17', 2, 2, 4),
(136, 21, '2017-10-17', 2, 2, 4),
(137, 23, '2007-10-17', 2, 2, 4),
(138, 20, '2017-10-17', 2, 2, 4),
(139, 20, '2017-10-17', 2, 2, 4),
(140, 19, '2017-10-17', 2, 2, 4),
(141, 21, '2017-10-17', 2, 2, 4),
(142, 19, '2017-10-20', 1, 2, 4),
(143, 17, '2017-10-20', 1, 2, 4),
(144, 18, '2017-10-20', 1, 2, 4),
(145, 22, '2017-10-20', 1, 2, 4),
(146, 22, '2017-10-17', 1, 2, 4),
(147, 20, '2017-10-17', 1, 2, 4),
(148, 19, '2017-10-17', 1, 2, 4),
(149, 23, '2017-10-17', 1, 2, 4),
(150, 22, '2017-10-17', 1, 2, 4),
(151, 21, '2017-10-17', 1, 2, 4),
(152, 20, '2017-10-17', 1, 2, 4),
(153, NULL, '2018-11-01', 1, 13, NULL),
(154, NULL, '2018-11-01', 1, 13, NULL),
(155, NULL, '2018-11-01', 1, 13, NULL),
(156, NULL, '2018-11-01', 1, 13, NULL),
(157, NULL, '2018-11-13', 1, 13, NULL),
(158, NULL, '2018-11-13', 1, 13, NULL),
(159, NULL, '2018-11-13', 1, 13, NULL),
(160, NULL, '2018-11-13', 1, 13, NULL),
(161, NULL, '2018-11-13', 1, 13, NULL),
(162, NULL, '2018-11-13', 1, 13, NULL),
(163, NULL, '2018-11-13', 1, 13, NULL),
(164, NULL, '2018-11-14', 1, 13, NULL),
(165, NULL, '2018-11-15', 1, 13, NULL),
(166, NULL, '2018-11-15', 1, 13, NULL),
(167, NULL, '2018-11-15', 1, 13, NULL),
(168, NULL, '2018-11-15', 1, 13, NULL),
(169, NULL, '2018-11-15', 1, 13, NULL),
(170, NULL, '2018-11-16', 1, 13, NULL),
(171, NULL, '2018-11-16', 1, 13, NULL),
(172, NULL, '2018-11-16', 1, 13, NULL),
(173, NULL, '2018-11-16', 1, 13, NULL),
(174, NULL, '2018-11-16', 1, 13, NULL),
(175, NULL, '2018-11-19', 1, 13, NULL),
(176, NULL, '2018-11-19', 1, 13, NULL),
(177, NULL, '2018-11-21', 1, 13, NULL),
(178, NULL, '2018-11-21', 1, 13, NULL),
(179, NULL, '2018-11-23', 1, 13, NULL),
(180, NULL, '2018-11-27', 1, 13, NULL),
(181, NULL, '2018-11-27', 1, 13, NULL),
(182, NULL, '2018-11-27', 1, 13, NULL),
(183, NULL, '2018-11-27', 1, 13, NULL),
(184, NULL, '2018-11-27', 1, 13, NULL),
(185, NULL, '2018-11-27', 1, 13, NULL),
(186, NULL, '2018-12-04', 1, 13, NULL),
(187, NULL, '2018-12-05', 1, 13, NULL),
(188, NULL, '2018-12-05', 0, 13, NULL),
(189, NULL, '2018-12-05', 1, 13, NULL),
(190, NULL, '2018-12-05', 1, 13, NULL);

-- --------------------------------------------------------

--
-- Estructura de tabla para la tabla `capturadores`
--

CREATE TABLE IF NOT EXISTS `capturadores` (
  `id_capturador` int(11) NOT NULL AUTO_INCREMENT,
  `alias` varchar(100) DEFAULT NULL,
  `pass` varchar(100) DEFAULT NULL,
  PRIMARY KEY (`id_capturador`)
) ENGINE=MyISAM  DEFAULT CHARSET=utf8 AUTO_INCREMENT=5 ;

--
-- Volcado de datos para la tabla `capturadores`
--

INSERT INTO `capturadores` (`id_capturador`, `alias`, `pass`) VALUES
(1, 'Vanessa', 'vane'),
(2, 'Karina', 'kari'),
(3, 'Carola', 'caro'),
(4, 'Gerardo', 'gera');

-- --------------------------------------------------------

--
-- Estructura de tabla para la tabla `estimulos`
--

CREATE TABLE IF NOT EXISTS `estimulos` (
  `id_estimulo` int(11) NOT NULL AUTO_INCREMENT,
  `pal_estimulo` varchar(100) DEFAULT NULL,
  PRIMARY KEY (`id_estimulo`)
) ENGINE=MyISAM  DEFAULT CHARSET=utf8 AUTO_INCREMENT=9 ;

--
-- Volcado de datos para la tabla `estimulos`
--

INSERT INTO `estimulos` (`id_estimulo`, `pal_estimulo`) VALUES
(1, 'Abuso'),
(2, 'Acoso'),
(3, 'Hostigamiento'),
(4, 'Abuso Sexual'),
(5, 'Acoso Sexual'),
(6, 'Hostigamiento Sexual'),
(7, 'Feminismo'),
(8, 'Machismo');

-- --------------------------------------------------------

--
-- Estructura de tabla para la tabla `generos`
--

CREATE TABLE IF NOT EXISTS `generos` (
  `id_genero` int(11) NOT NULL AUTO_INCREMENT,
  `genero` varchar(100) DEFAULT NULL,
  PRIMARY KEY (`id_genero`)
) ENGINE=MyISAM  DEFAULT CHARSET=utf8 AUTO_INCREMENT=4 ;

--
-- Volcado de datos para la tabla `generos`
--

INSERT INTO `generos` (`id_genero`, `genero`) VALUES
(1, 'Femenino'),
(2, 'Masculino'),
(3, 'Otro');

-- --------------------------------------------------------

--
-- Estructura de tabla para la tabla `palabras`
--

CREATE TABLE IF NOT EXISTS `palabras` (
  `id_palabra` int(11) NOT NULL AUTO_INCREMENT,
  `palabra` varchar(100) DEFAULT NULL,
  PRIMARY KEY (`id_palabra`)
) ENGINE=MyISAM  DEFAULT CHARSET=utf8 AUTO_INCREMENT=978 ;

--
-- Volcado de datos para la tabla `palabras`
--

INSERT INTO `palabras` (`id_palabra`, `palabra`) VALUES
(1, '60´s'),
(2, 'A veces mentira'),
(3, 'Abandono'),
(4, 'Abejas'),
(5, 'Aborto'),
(6, 'Abrumar'),
(7, 'Absurdo'),
(8, 'Aburrido'),
(9, 'Abuso/Abusador/Abusar/Abusivo'),
(10, 'Abuso de confianza'),
(11, 'Abuso de poder'),
(12, 'Abuso Psicológico'),
(13, 'Acción'),
(14, 'Aceptación'),
(15, 'Acercarse'),
(16, 'Acorralar'),
(17, 'Acosada'),
(18, 'Acoso/Acosador/Acosar'),
(19, 'Actitud'),
(20, 'Acto'),
(21, 'Actualidad'),
(22, 'Acuerdo'),
(23, 'Acusaciones Falsas'),
(24, 'Adulterio'),
(25, 'Adulto'),
(26, 'Agredir/Agresión/Agresor/Agresividad'),
(27, 'Agua'),
(28, 'Aislación/Aislamiento'),
(29, 'Albañiles'),
(30, 'Albur'),
(31, 'Alcohol'),
(32, 'Alejarse'),
(33, 'Alerta'),
(34, 'Allanamiento'),
(35, 'Alto'),
(36, 'Alumnos'),
(37, 'Ambiente tenso'),
(38, 'Ambigüedad'),
(39, 'Amenaza'),
(40, 'Amigo'),
(41, 'Amor'),
(42, 'Amoral'),
(43, 'Ana Frank'),
(44, 'Andrógina'),
(45, 'Angustia'),
(46, 'Animal/Animales'),
(47, 'Ansiedad'),
(48, 'Antaño'),
(49, 'Antiguo'),
(50, 'Antipático'),
(51, 'Antivalor'),
(52, 'Apoyo'),
(53, 'Aprisionado'),
(54, 'Apropiación'),
(55, 'Aprovechado/Aprobechada/Aprovechamiento/Aprovechar/Aprovecharse'),
(56, 'Arbitrariedad/Arbitrario'),
(57, 'Arena'),
(58, 'Ariel'),
(59, 'Arriba'),
(60, 'Arrogancia'),
(61, 'Artificial'),
(62, 'Asco'),
(63, 'Asecho'),
(64, 'Asfixiante'),
(65, 'Asqueado/Asqueroso'),
(66, 'Asustada'),
(67, 'Ataque/Atacar'),
(68, 'Atención'),
(69, 'Atraso'),
(70, 'Atrevimiento'),
(71, 'Auto'),
(72, 'Autobuses'),
(73, 'Autoestima'),
(74, 'Autoestima baja/Baja Autoestima'),
(75, 'Autoridad/Autoritario'),
(76, 'Autoridades'),
(77, 'Autosuficiencia'),
(78, 'Auxilio'),
(79, 'Aventajar/Aventajoso'),
(80, 'Axila'),
(81, 'Ayuda'),
(82, 'Barba'),
(83, 'Barrera'),
(84, 'Beneficio'),
(85, 'Besos'),
(86, 'Bestia'),
(87, 'Bienestar'),
(88, 'Borroso'),
(89, 'Brecha'),
(90, 'Brutalidad'),
(91, 'Bullyng'),
(92, 'Burdo'),
(93, 'Burla/Burlarse'),
(94, 'Buscar/Búsqueda'),
(95, 'Buzo'),
(96, 'Cabify'),
(97, 'Callar'),
(98, 'Calle/Callejón'),
(99, 'Cambios'),
(100, 'Caminar'),
(101, 'Camión'),
(102, 'Cáncer'),
(103, 'Cansancio'),
(104, 'Carácter'),
(105, 'Cárcel'),
(106, 'Caricia'),
(107, 'Casa'),
(108, 'Castigo'),
(109, 'Castroso'),
(110, 'Casual'),
(111, 'CDMX'),
(112, 'Ceguera'),
(113, 'Celos'),
(114, 'Celular'),
(115, 'Cercanía'),
(116, 'Cercano'),
(117, 'Cerrado'),
(118, 'Chafa'),
(119, 'Chamarra'),
(120, 'Chantaje'),
(121, 'Chavo'),
(122, 'Chiflar/Chiflados/Chiflido'),
(123, 'Chingando'),
(124, 'Chocante'),
(125, 'Cinismo'),
(126, 'Círculos'),
(127, 'Ciudad'),
(128, 'Cobarde/Cobardía'),
(129, 'Cochino'),
(130, 'Coito'),
(131, 'Colado'),
(132, 'Colegio'),
(133, 'Cólera'),
(134, 'Cama'),
(135, 'Comer/Comida'),
(136, 'Comido'),
(137, 'Compañeros'),
(138, 'Compañía'),
(139, 'Complejo de inferioridad'),
(140, 'Comportamiento'),
(141, 'Comprendido'),
(142, 'Comprensión'),
(143, 'Común'),
(144, 'Concepto'),
(145, 'Condena'),
(146, 'Conducta'),
(147, 'Confianza'),
(148, 'Confundido'),
(149, 'Confusión'),
(150, 'Consecuencias '),
(151, 'Consentimiento'),
(152, 'Consentir'),
(153, 'Consiente'),
(154, 'Constante'),
(155, 'Construcción'),
(156, 'Consumo'),
(157, 'Contacto'),
(158, 'Continuidad'),
(159, 'Continuo'),
(160, 'Contra'),
(161, 'Contra la mujer'),
(162, 'Contra voluntad'),
(163, 'Contradicciones'),
(164, 'Control'),
(165, 'Controlar'),
(166, 'Controversia'),
(167, 'Coraje'),
(168, 'Correcto'),
(169, 'Correo'),
(170, 'Corromper'),
(171, 'Corrupción'),
(172, 'Cortes'),
(173, 'Cosificar'),
(174, 'Costumbres'),
(175, 'Cotidiano'),
(176, 'Crédulo'),
(177, 'Crimen'),
(178, 'Criminal'),
(179, 'Crueldad'),
(180, 'Cruzar la raya'),
(181, 'Cuerpo'),
(182, 'Cuidado'),
(183, 'Cultura'),
(184, 'Cultural'),
(185, 'Dan pena'),
(186, 'Dañar/Dañino/Daño'),
(187, 'Daño a la moral'),
(188, 'Daño físico/Daños físicos'),
(189, 'Daño psicológico'),
(190, 'Debate'),
(191, 'Débil/Debilidad'),
(192, 'Decaído'),
(193, 'Decir no'),
(194, 'Decisión'),
(195, 'Defenderse/Defensa/Defensora'),
(196, 'Deficiente'),
(197, 'Degenerado'),
(198, 'Degradación/Degradar/Denigrar/Denigrante'),
(199, 'Delincuencia/Delincuente/Delito'),
(200, 'Demanda'),
(201, 'Demandante'),
(202, 'Denuncia'),
(203, 'Dependencia'),
(204, 'Depravación/Depravado'),
(205, 'Depredadores sexuales'),
(206, 'Depresión'),
(207, 'Derechos'),
(208, 'Desacuerdo'),
(209, 'Desagracio'),
(210, 'Desagrado/Desagradable'),
(211, 'Desamor'),
(212, 'Desastre'),
(213, 'Desbalance'),
(214, 'Descompuesto'),
(215, 'Desconcierto'),
(216, 'Desconfianza'),
(217, 'Desconfiar'),
(218, 'Desconocido/Desconocidos'),
(219, 'Desconocimiento'),
(220, 'Desconsideración'),
(221, 'Descontrol'),
(222, 'Desentendido'),
(223, 'Deseo'),
(224, 'Desequilibrio'),
(225, 'Desesperación/Desesperante'),
(226, 'Desgracia'),
(227, 'Desgraciado'),
(228, 'Deshonesto'),
(229, 'Desigualdad/Inequidad/Falta de Equidad'),
(230, 'Desinterés'),
(231, 'Despreciar'),
(232, 'Desprestigio'),
(233, 'Destrucción'),
(234, 'Destructivo'),
(235, 'Desventaja'),
(236, 'detener'),
(237, 'Detestable'),
(238, 'Deus Ex Machina'),
(239, 'Dialogo'),
(240, 'Diariamente'),
(241, 'Diario'),
(242, 'Dictador'),
(243, 'Dictadura'),
(244, 'Diferencia'),
(245, 'Difícil/Dificultad'),
(246, 'Difusión'),
(247, 'Dinámica'),
(248, 'Dinero'),
(249, 'Discrepancia'),
(250, 'Discriminar/Discriminación'),
(251, 'Discurso'),
(252, 'Disgusto'),
(253, 'Distanciamiento'),
(254, 'Doble sentido'),
(255, 'Dolor'),
(256, 'Dominación/Dominar'),
(257, 'Donde Acabar'),
(258, 'Drogas'),
(259, 'Duelo'),
(260, 'Educación'),
(261, 'Ego'),
(262, 'Egoísmo'),
(263, 'Egoísta'),
(264, 'Ejemplo'),
(265, 'Emociones'),
(266, 'Empalagoso'),
(267, 'Empatía'),
(268, 'Empoderamiento'),
(269, 'En todos lados'),
(270, 'Encerrar'),
(271, 'Encierro'),
(272, 'Enfado'),
(273, 'Enfermedad/Enfermo'),
(274, 'Engaño'),
(275, 'Engrandecimiento'),
(276, 'Enojado/Enojo'),
(277, 'Entender'),
(278, 'Entendible'),
(279, 'Entorno'),
(280, 'Entre generar'),
(281, 'Envidia'),
(282, 'Equidad'),
(283, 'Erróneo'),
(284, 'Esclavitud'),
(285, 'Escolar'),
(286, 'Escuchar'),
(287, 'Escuela'),
(288, 'Esfuerzo'),
(289, 'Espacio/Espacios'),
(290, 'Espacio personal'),
(291, 'Espía/Espionaje'),
(292, 'Estado'),
(293, 'Estereotipo'),
(294, 'Estrés'),
(295, 'Estructura'),
(296, 'Estudiantes'),
(297, 'Estudiantil'),
(298, 'Estupidez/estúpido'),
(299, 'Etica'),
(300, 'Evitar'),
(301, 'Exageración/Exageradas/Exagerado'),
(302, 'Excesivo/Exceso'),
(303, 'Excusa'),
(304, 'Exhibicionismo'),
(305, 'Exigir'),
(306, 'Explotación'),
(307, 'Exponer'),
(308, 'Expresión'),
(309, 'Expuesta'),
(310, 'Extorsionar'),
(311, 'Extra de confianza'),
(312, 'Extremismo/Extremista/Extremistas/Extremo'),
(313, 'Falda'),
(314, 'Falocentrismo'),
(315, 'Falsa ética'),
(316, 'Falta'),
(317, 'Falta de Atención'),
(318, 'Falta de autoestima'),
(319, 'Falta de cultura'),
(320, 'Desinformación/Falta de Información'),
(321, 'Falta de limites'),
(322, 'Falta de moral'),
(323, 'Falta de Privacidad'),
(324, 'Falta de valores/Falto de valor'),
(325, 'Falta de Respeto'),
(326, 'Familia/Familias'),
(327, 'Fanatismo'),
(328, 'Fastidiada/Fastidio'),
(329, 'Favores'),
(330, 'Felicidad'),
(331, 'Femenina/Feminidad'),
(332, 'Feminazi/Feminazis'),
(333, 'Feminicidio'),
(334, 'Feminismo Fanático'),
(335, 'Feminismo/Feminista/Feministas'),
(336, 'Feo'),
(337, 'Filosofía'),
(338, 'Físico'),
(339, 'Flor'),
(340, 'Forzar'),
(341, 'Fotos'),
(342, 'Frenar'),
(343, 'Frígidas'),
(344, 'Frio'),
(345, 'Frontera'),
(346, 'Frotamiento'),
(347, 'Frustración/Frustrante/Frustrar'),
(348, 'Fuera'),
(349, 'Fuera de tiempo'),
(350, 'Fuerte/Fuerza'),
(351, 'Furia'),
(352, 'Gandaya'),
(353, 'Generación'),
(354, 'Genero'),
(355, 'Gente'),
(356, 'Gente Vieja'),
(357, 'Gobierno'),
(358, 'Golpear/Golpes'),
(359, 'Grandes'),
(360, 'Gratificación'),
(361, 'Gris'),
(362, 'Gritar'),
(363, 'Gritos'),
(364, 'Groseras'),
(365, 'Grosería/Groserías'),
(366, 'Grosero'),
(367, 'Grupos'),
(368, 'Guiños'),
(369, 'Hablar'),
(370, 'Hacer menos'),
(371, 'Hacerse el fuerte'),
(372, 'Hartar/Hartante/Hartazgo'),
(373, 'Hembrismo'),
(374, 'Heridas'),
(375, 'Herir'),
(376, 'Hermetismo'),
(377, 'Herramientas'),
(378, 'Heterosexual'),
(379, 'Hijos'),
(380, 'Hipocresía'),
(381, 'Historia/Histórico'),
(382, 'Hitler'),
(383, 'Hogar'),
(384, 'Hombre/Hombres'),
(385, 'Hombría'),
(386, 'Homofobia'),
(387, 'Homosexual'),
(388, 'Honestidad'),
(389, 'Horca'),
(390, 'Horrible'),
(391, 'Horror'),
(392, 'Hostal'),
(393, 'Hostigamiento/Hostigar'),
(394, 'Hostilidad'),
(395, 'Huella'),
(396, 'Huir'),
(397, 'Humanos'),
(398, 'Humillación'),
(399, 'Idea'),
(400, 'Ideal/Ideales'),
(401, 'Identidad'),
(402, 'Ideología'),
(403, 'Idiota/Idiotez'),
(404, 'Ignorado'),
(405, 'Ignorancia/Ignorar'),
(406, 'Igualdad'),
(407, 'Ilegal'),
(408, 'Ilegitimo'),
(409, 'Ilógico'),
(410, 'Ilusos'),
(411, 'Imágenes'),
(412, 'Imaginación'),
(414, 'Imbéciles'),
(415, 'Impensable'),
(416, 'Impertinencia'),
(417, 'Imponer/Imposición'),
(418, 'Importante'),
(419, 'Impotencia'),
(420, 'Impune/Impunidad'),
(421, 'Inaceptable'),
(422, 'Inapropiado'),
(423, 'Incapacidad'),
(424, 'Incendio'),
(425, 'Incitación'),
(426, 'Incivilización'),
(427, 'Inclusión'),
(428, 'Incoherencia/Incoherente'),
(429, 'Incomodar/Incomodidad/Incomodo'),
(430, 'Incompetencia'),
(431, 'Incompleto'),
(432, 'Incomprendido/Incomprensión'),
(433, 'Inconciencia'),
(434, 'Inconformidad'),
(435, 'Incontrolable'),
(436, 'Inconveniente'),
(437, 'Incorrecto'),
(438, 'Indebido'),
(439, 'Independencia'),
(440, 'Indestructibles'),
(441, 'Indiferencia'),
(442, 'Indignación'),
(443, 'Indirectas'),
(444, 'Individualismo'),
(445, 'Industria'),
(446, 'Ineficiente'),
(447, 'Inesperado'),
(448, 'Inevitable'),
(449, 'Inexplorado'),
(450, 'Infantil'),
(451, 'Infelicidad'),
(452, 'Información'),
(453, 'Informal'),
(454, 'Infringe Moral'),
(455, 'Inhumano'),
(456, 'Injusticia/Injusto'),
(457, 'Injustificable'),
(458, 'Inmadurez'),
(459, 'Inmoral'),
(460, 'Inmoralidad'),
(461, 'Inmundo'),
(462, 'Innecesario'),
(463, 'Insegura'),
(464, 'Inseguridad'),
(465, 'Insensibilidad'),
(466, 'Insinuación'),
(467, 'Insinuar'),
(468, 'insistencia'),
(469, 'Insistir'),
(470, 'Insultar/Insulto/Insultos'),
(471, 'Integridad Emocional'),
(472, 'Integridad Física'),
(473, 'Inteligencia'),
(474, 'Intensidad'),
(475, 'Interés'),
(476, 'Internet'),
(477, 'Interpersonal'),
(478, 'Interpretado'),
(479, 'Intimidación/Intimidar'),
(480, 'Intimidad'),
(481, 'Intimo'),
(482, 'Intolerancia/Intolerante/Intolerantes/Intolerable'),
(483, 'Intranquilo/Intranquilidad'),
(484, 'Intrínseco'),
(485, 'Intromisión'),
(486, 'Invadir espacio/Invadir espacios'),
(487, 'Invadir/Invasión/Intrusivo/Invasivo'),
(488, 'Invasión de la privacidad'),
(489, 'Involuntariedad'),
(490, 'Involuntario'),
(491, 'Ira'),
(492, 'Irracional'),
(493, 'Irreparable'),
(494, 'Irrespeto/Irrespetuoso'),
(495, 'Irresponsabilidad'),
(496, 'Irritar/Irritación/Irritado'),
(497, 'Ismo'),
(498, 'Isomorfismo'),
(499, 'Jaula'),
(500, 'Jefe'),
(501, 'Jefes'),
(502, 'Jerarquía'),
(503, 'Joder'),
(504, 'Joven'),
(505, 'Jóvenes'),
(506, 'Juárez'),
(507, 'Juego'),
(508, 'Juntar'),
(509, 'Justicia'),
(510, 'Kínder'),
(511, 'Laboral'),
(512, 'Lagrima'),
(513, 'Lascivo'),
(514, 'Lastimar'),
(515, 'Latente'),
(516, 'Lenguaje'),
(517, 'Lenguaje Vulgar'),
(518, 'Lesbiana'),
(519, 'Levantamiento'),
(520, 'Levedad'),
(521, 'Ley'),
(522, 'Liberar'),
(523, 'Libertad'),
(524, 'Libertad nula'),
(525, 'Libertinaje'),
(526, 'Líder'),
(527, 'Lima'),
(528, 'Limitado'),
(529, 'Limite'),
(530, 'Limites'),
(531, 'Lito'),
(532, 'Liviana'),
(533, 'Llanto'),
(534, 'Llorar'),
(535, 'Locas'),
(536, 'Loco/locos'),
(537, 'Locura'),
(538, 'Lol'),
(539, 'Lucha'),
(540, 'Machismo'),
(541, 'Macho'),
(542, 'Madre'),
(543, 'Mal'),
(544, 'Mal empleado'),
(545, 'Mal Interpretado'),
(546, 'Mal olor'),
(547, 'Mal pedo'),
(548, 'Mal usado'),
(549, 'Mala Educación'),
(550, 'Mala onda'),
(551, 'Maldad'),
(552, 'Malentendido'),
(553, 'Malestar'),
(554, 'Malicia'),
(555, 'Malo'),
(556, 'Maltratar/Maltrato'),
(557, 'Mamá'),
(558, 'Mando'),
(559, 'Manipulación'),
(560, 'Manosear'),
(561, 'Manoseo'),
(562, 'Mar'),
(563, 'Marca'),
(564, 'Marcha'),
(565, 'Mareado'),
(566, 'Marginación'),
(567, 'Marginal'),
(568, 'Marimachas'),
(569, 'Mas'),
(570, 'Masculinidades'),
(571, 'Masoquismo'),
(572, 'Mayor'),
(573, 'Medieval'),
(574, 'Mediocridad'),
(575, 'Menores de edad'),
(576, 'Menospreciar'),
(577, 'Mensajes'),
(578, 'Mental'),
(579, 'Mentalidad'),
(580, 'Mente cerrada'),
(581, 'Mentir/Mentira/Mentiras'),
(582, 'Merecer'),
(583, 'Metro'),
(584, 'México'),
(585, 'Micro acciones'),
(586, 'Microbús'),
(587, 'Miedo'),
(588, 'Miembro'),
(589, 'Milenario'),
(590, 'Mino'),
(592, 'Miradas'),
(593, 'Misoginia/Misógino'),
(594, 'Moda'),
(595, 'Modernidad'),
(596, 'Molestar/Molesta/Molestia/Molesto'),
(597, 'Monstruo'),
(598, 'Morbo'),
(599, 'Movimiento'),
(600, 'Mucho'),
(601, 'Muerte'),
(602, 'Muestra de poder'),
(603, 'Mujer/Mujeres'),
(604, 'Mujerismo'),
(605, 'Mundo'),
(606, 'Nacos'),
(607, 'Nada ético'),
(608, 'Nalgadas/Nalgas'),
(609, 'Naturaleza'),
(610, 'Nazis'),
(611, 'Necedad'),
(612, 'Necesario denuncia'),
(613, 'Necesario/Necesidad'),
(614, 'Necesita solución'),
(615, 'Necesitado'),
(616, 'Necio'),
(617, 'Necrofilia'),
(618, 'Negación'),
(619, 'Negro'),
(620, 'Nicho'),
(621, 'Niña/Niño'),
(622, 'Niños'),
(623, 'No'),
(624, 'No amable'),
(625, 'No aprobado'),
(626, 'No consensuado/No consensual'),
(627, 'No Consentimiento'),
(628, 'No dejar en paz'),
(629, 'No educación'),
(630, 'No empático'),
(631, 'No es no'),
(632, 'No llorar'),
(633, 'No mencionado'),
(634, 'No privacidad'),
(635, 'No respetar/No respeto'),
(636, 'Noche'),
(637, 'Normalización'),
(638, 'Normalizado'),
(639, 'Novedad'),
(640, 'Nuevo'),
(641, 'Numero'),
(642, 'Obesidad'),
(643, 'Objetivación'),
(644, 'Objeto'),
(645, 'Obligación'),
(646, 'Obligamiento'),
(647, 'Obligar'),
(648, 'Obscuridad'),
(649, 'Obsesión'),
(650, 'Obsoleto'),
(651, 'Odio'),
(652, 'Ofender/Ofensa'),
(653, 'Oficina'),
(654, 'Olga'),
(655, 'Olvido'),
(656, 'Opinión'),
(657, 'Oportunidad/Oportunidades'),
(658, 'Oposición'),
(659, 'Opresión'),
(660, 'Oral'),
(661, 'Ordenar'),
(662, 'Organización'),
(663, 'Orgullo'),
(664, 'Orientación'),
(665, 'Ostra'),
(666, 'Padres'),
(667, 'País'),
(668, 'Palabra Explotada'),
(669, 'Palabra/Palabrotas'),
(670, 'Pánico'),
(671, 'Paranoia/Paranoico'),
(672, 'Parcial'),
(673, 'Pareja'),
(674, 'Pasado'),
(675, 'Pasarse de lanza'),
(676, 'Patéticas'),
(678, 'Patético/Patéticos'),
(679, 'Patriarcado'),
(680, 'Patrón'),
(681, 'Paz'),
(682, 'Pederastia'),
(683, 'Pedir ayuda'),
(684, 'Pedofilia'),
(685, 'Pedro Infante'),
(686, 'Pegajoso'),
(687, 'Pegar'),
(688, 'Pelea/Pelear'),
(689, 'Peligro'),
(690, 'Pellizcos'),
(691, 'Pena'),
(692, 'Penado/Penalizado'),
(693, 'Pendejo'),
(694, 'Pene'),
(695, 'Penetración'),
(696, 'Pensamiento'),
(697, 'Peor'),
(698, 'Perder Algo'),
(699, 'Perdida'),
(700, 'Perjudicar'),
(701, 'Perjuicio'),
(702, 'Permisividad/Permisivo'),
(703, 'Permitido'),
(704, 'Perro'),
(705, 'Persecución/Perseguir'),
(706, 'Perseverancia'),
(707, 'Personal'),
(708, 'Personas'),
(709, 'Perspectiva de genero'),
(710, 'Perturbación '),
(711, 'Perturbador'),
(712, 'Perversión'),
(713, 'Pervertido'),
(714, 'Perverso'),
(715, 'Peticiones molestas'),
(716, 'Picar'),
(717, 'Piropos'),
(718, 'Poco Hombre'),
(719, 'Poco respeto'),
(720, 'Poder'),
(721, 'Poder Femenino'),
(722, 'Policías'),
(723, 'Polvo'),
(724, 'Populismo'),
(725, 'Posesión'),
(726, 'Posición'),
(727, 'Posición ventajosa'),
(728, 'Postura'),
(729, 'Prácticamente'),
(730, 'Preferencia'),
(731, 'Prejuzgar'),
(732, 'Premeditado'),
(733, 'Preocupación'),
(734, 'Prepotencia'),
(735, 'Prepotente'),
(736, 'Presencia'),
(737, 'Presión Social'),
(738, 'Presión/Presionar'),
(739, 'Presumir'),
(740, 'Prevención'),
(741, 'Principios'),
(742, 'Prisión'),
(743, 'Privacidad'),
(744, 'Privación'),
(745, 'Privación de derechos'),
(746, 'Privado'),
(747, 'Privar'),
(748, 'Problema'),
(749, 'Problema grave'),
(750, 'Problema Laboral'),
(751, 'Problemática'),
(753, 'Profesores'),
(754, 'Programas públicos'),
(755, 'Progreso'),
(756, 'Prohibición'),
(757, 'Prohibido'),
(758, 'Promesas'),
(759, 'Protegidas'),
(760, 'Psicología/Psicológico/Psicólogo'),
(761, 'Psicosis'),
(762, 'Psique'),
(763, 'Publico'),
(764, 'Puebla'),
(765, 'Pueblo'),
(766, 'Puercos'),
(767, 'Que te pidan fotos pervertidas'),
(768, 'Quebrantamiento'),
(769, 'Queja'),
(770, 'Quico'),
(771, 'Quitar/Quítate'),
(772, 'Rabia'),
(773, 'Radical'),
(774, 'Radicalidad'),
(775, 'Rancho'),
(776, 'Raro'),
(777, 'Rasguños'),
(778, 'Razón'),
(779, 'Realidad'),
(780, 'Realismo'),
(781, 'Rebeldía'),
(782, 'Rechazo'),
(783, 'Redes'),
(784, 'Red Social/Redes sociales'),
(785, 'Reduccionismo'),
(786, 'Reflexión'),
(787, 'Regaños'),
(788, 'Régimen'),
(789, 'Reglas'),
(790, 'Relación'),
(791, 'Relaciones'),
(792, 'Repetir'),
(793, 'Repetitivo'),
(794, 'Representación'),
(795, 'Represión/Represivo'),
(796, 'Reprobable'),
(797, 'Repudio'),
(798, 'Repulsión/Repulsivo'),
(799, 'Resignación'),
(800, 'Resistencia'),
(801, 'Respetar/Respeto'),
(802, 'Retrasado'),
(803, 'Retraso'),
(804, 'Retroalimentación'),
(805, 'Retrograda'),
(806, 'Revancha'),
(807, 'Revolución'),
(808, 'Ridículas'),
(809, 'Ridículos'),
(810, 'Risa'),
(811, 'Robo'),
(812, 'Roce'),
(813, 'Roces'),
(814, 'Rojo'),
(815, 'Romper'),
(816, 'Rompimiento'),
(817, 'Rosa'),
(818, 'Roto'),
(819, 'Rudo'),
(820, 'Sacar provecho'),
(821, 'Sadomasoquismo'),
(822, 'Salir'),
(823, 'Saliva'),
(824, 'Sangre'),
(825, 'Satanizado'),
(826, 'Secreto'),
(827, 'Secuela'),
(828, 'Secuestro'),
(829, 'Secundaria'),
(830, 'Segregación'),
(831, 'Seguimiento/Seguir'),
(832, 'Seguridad'),
(833, 'Semejanza'),
(834, 'Sentimiento'),
(835, 'Sentimientos'),
(836, 'Sentirse solo'),
(837, 'Separación'),
(838, 'Seriedad'),
(839, 'Sexo'),
(840, 'Sexo Obligado'),
(841, 'Sexo sin consentimiento'),
(842, 'Sexting'),
(843, 'Sexual'),
(844, 'Sexualidad'),
(845, 'Sexualizar'),
(846, 'Si ocurre'),
(847, 'Silencio'),
(848, 'Sin castigo'),
(849, 'Sin consentimiento'),
(850, 'Sin defensas'),
(851, 'Falta de educación/Sin Educación'),
(852, 'Sin Fundamento'),
(853, 'Sin identidad'),
(854, 'Sin integridad'),
(855, 'Sin Libertad'),
(856, 'Sin limites'),
(857, 'Sin moral'),
(858, 'Sin personalidad'),
(859, 'Sin principios'),
(860, 'Sin sentido'),
(861, 'Sin Voluntad'),
(862, 'Sitio'),
(863, 'Sobrepasado'),
(864, 'Sobrepasar/Sobrepasarse'),
(865, 'Social'),
(866, 'Sociedad'),
(867, 'Sofocar'),
(868, 'Soledad'),
(869, 'Solidaridad'),
(870, 'Solo'),
(871, 'Solución'),
(872, 'Sombrero'),
(873, 'Someter'),
(874, 'Sometimiento'),
(875, 'Sonrisas'),
(876, 'Stalkear/Stalker'),
(877, 'Subordinación'),
(878, 'Subyugado'),
(879, 'Sucio'),
(880, 'Suele Exagerarse'),
(881, 'Sufrimiento'),
(882, 'Sufrir'),
(883, 'Suicida'),
(884, 'Suicidio'),
(885, 'Sumisión'),
(886, 'Sumiso'),
(887, 'Superioridad'),
(888, 'Superiores/Superiorior'),
(889, 'Susurros'),
(890, 'Sutileza'),
(891, 'Tabú'),
(892, 'Temas'),
(893, 'Temor/Terror'),
(894, 'Tener sexo'),
(895, 'Termodinámica'),
(896, 'Terquedad'),
(897, 'Timberland'),
(898, 'Timidez'),
(899, 'Típico'),
(900, 'Tocamiento/Tocamientos/Tocar/Toqueteo'),
(901, 'Todo sin consentimiento'),
(902, 'Todos'),
(903, 'Tolerancia'),
(904, 'Tomar de mas'),
(905, 'Tonta'),
(906, 'Tontería'),
(907, 'Tontos'),
(908, 'Tortuoso/Tortura'),
(909, 'Tóxico'),
(910, 'Trabajador'),
(911, 'Trabajo'),
(912, 'Tradición/Tradicionalista/Tradiciones'),
(913, 'Tragedia'),
(914, 'Trágico'),
(915, 'Trampa'),
(916, 'Transgredir'),
(917, 'Transgresión'),
(918, 'Transmisión'),
(919, 'Transporte'),
(920, 'Transporte Publico'),
(921, 'Trastorno'),
(922, 'Trata de menores'),
(923, 'Trata de personas'),
(924, 'Trauma'),
(925, 'Triste/Tristeza'),
(926, 'Trolear'),
(927, 'Uber'),
(928, 'Ultrajada'),
(929, 'Unidas'),
(930, 'Unilateralidad'),
(931, 'Unión'),
(932, 'Universidad'),
(933, 'Urgido'),
(934, 'Usar'),
(935, 'Uso de fuerza/Usar la fuerza'),
(936, 'Vaca'),
(937, 'Vagina'),
(938, 'Valentía'),
(939, 'Valor'),
(940, 'Valores'),
(941, 'Venganza'),
(942, 'Ventaja'),
(943, 'Ver'),
(944, 'Verbal'),
(945, 'Verbo'),
(946, 'Vergüenza'),
(947, 'Vestimenta'),
(948, 'Victima'),
(949, 'Victimización'),
(951, 'Vida'),
(952, 'Videncia'),
(953, 'Viejitos'),
(954, 'Viejo'),
(955, 'Vigilancia'),
(956, 'Vigilar'),
(957, 'Violación de la intimidad'),
(958, 'Violación/Violador/Violar'),
(959, 'Violencia de género'),
(961, 'Violencia verbal'),
(962, 'Violencia'),
(963, 'Violentado'),
(964, 'Violentar'),
(965, 'Violento'),
(966, 'Viven Engañados'),
(967, 'Voluntad'),
(968, 'Voto'),
(969, 'Voz'),
(970, 'Vulgar'),
(971, 'Vulgaridades'),
(972, 'Vulnerabilidad'),
(973, 'Vulnerable/Vulnerables'),
(974, 'Vulneración'),
(975, 'Vulva'),
(976, 'Zoofilia'),
(977, 'Transtorno');

-- --------------------------------------------------------

--
-- Estructura de tabla para la tabla `programas`
--

CREATE TABLE IF NOT EXISTS `programas` (
  `id_programa` int(11) NOT NULL AUTO_INCREMENT,
  `programa` varchar(100) DEFAULT NULL,
  PRIMARY KEY (`id_programa`)
) ENGINE=MyISAM  DEFAULT CHARSET=utf8 AUTO_INCREMENT=13 ;

--
-- Volcado de datos para la tabla `programas`
--

INSERT INTO `programas` (`id_programa`, `programa`) VALUES
(1, 'Diseño'),
(2, 'Ciencias de la Comunicación'),
(3, 'Tecnologías y Sistemas de Información'),
(4, 'Derecho'),
(5, 'Administración'),
(6, 'Estudios Socioterritoriales'),
(7, 'Humanidades'),
(8, 'Biología Molecular'),
(9, 'Ingeniería Biológica'),
(10, 'Ingeniería en Computación'),
(11, 'Matemáticas Aplicadas'),
(12, 'MADIC');

-- --------------------------------------------------------

--
-- Estructura de tabla para la tabla `registros`
--

CREATE TABLE IF NOT EXISTS `registros` (
  `id_registro` int(11) NOT NULL AUTO_INCREMENT,
  `valor` int(11) DEFAULT NULL,
  `estimulos_id_estimulo` int(11) NOT NULL,
  `alumnos_id_alumno` int(11) NOT NULL,
  `palabras_id_palabra` int(11) NOT NULL,
  `fase` int(11) NOT NULL,
  PRIMARY KEY (`id_registro`),
  KEY `estimulos_id_estimulo` (`estimulos_id_estimulo`),
  KEY `alumnos_id_alumno` (`alumnos_id_alumno`),
  KEY `palabras_id_palabra` (`palabras_id_palabra`)
) ENGINE=MyISAM  DEFAULT CHARSET=utf8 AUTO_INCREMENT=4702 ;

--
-- Volcado de datos para la tabla `registros`
--

INSERT INTO `registros` (`id_registro`, `valor`, `estimulos_id_estimulo`, `alumnos_id_alumno`, `palabras_id_palabra`, `fase`) VALUES
(1, 5, 1, 1, 186, 0),
(2, 4, 1, 1, 338, 0),
(3, 3, 1, 1, 578, 0),
(4, 2, 1, 1, 55, 0),
(5, 1, 1, 1, 701, 0),
(6, 5, 2, 1, 843, 0),
(7, 4, 2, 1, 962, 0),
(8, 3, 2, 1, 596, 0),
(9, 2, 2, 1, 760, 0),
(10, 5, 3, 1, 18, 0),
(11, 4, 3, 1, 9, 0),
(12, 3, 3, 1, 596, 0),
(13, 2, 3, 1, 479, 0),
(14, 5, 4, 1, 18, 0),
(15, 4, 4, 1, 338, 0),
(16, 3, 4, 1, 186, 0),
(17, 2, 4, 1, 603, 0),
(18, 5, 5, 1, 186, 0),
(19, 4, 5, 1, 849, 0),
(20, 3, 5, 1, 9, 0),
(21, 2, 5, 1, 393, 0),
(22, 1, 5, 1, 603, 0),
(23, 5, 6, 1, 596, 0),
(24, 4, 6, 1, 9, 0),
(25, 3, 6, 1, 479, 0),
(26, 2, 6, 1, 700, 0),
(27, 5, 7, 1, 603, 0),
(28, 4, 7, 1, 256, 0),
(29, 3, 7, 1, 384, 0),
(30, 2, 7, 1, 878, 0),
(31, 5, 8, 1, 696, 0),
(32, 4, 8, 1, 805, 0),
(33, 3, 8, 1, 679, 0),
(34, 2, 8, 1, 384, 0),
(35, 1, 8, 1, 603, 0),
(36, 5, 1, 2, 355, 0),
(37, 4, 1, 2, 720, 0),
(38, 3, 1, 2, 722, 0),
(39, 5, 2, 2, 831, 0),
(40, 4, 2, 2, 100, 0),
(41, 3, 2, 2, 98, 0),
(42, 2, 2, 2, 384, 0),
(43, 1, 2, 2, 603, 0),
(44, 5, 3, 2, 596, 0),
(45, 4, 3, 2, 429, 0),
(46, 3, 3, 2, 9, 0),
(47, 5, 4, 2, 199, 0),
(48, 3, 4, 2, 407, 0),
(49, 5, 5, 2, 9, 0),
(50, 4, 5, 2, 393, 0),
(51, 3, 5, 2, 384, 0),
(52, 5, 7, 2, 603, 0),
(53, 5, 8, 2, 384, 0),
(54, 4, 8, 2, 9, 0),
(55, 3, 8, 2, 250, 0),
(56, 5, 1, 3, 556, 0),
(57, 4, 1, 3, 26, 0),
(58, 3, 1, 3, 603, 0),
(59, 2, 1, 3, 350, 0),
(60, 1, 1, 3, 366, 0),
(61, 5, 2, 3, 358, 0),
(62, 4, 2, 3, 470, 0),
(63, 3, 2, 3, 652, 0),
(64, 2, 2, 3, 26, 0),
(65, 1, 2, 3, 98, 0),
(66, 5, 3, 3, 18, 0),
(67, 4, 3, 3, 738, 0),
(68, 3, 3, 3, 596, 0),
(69, 2, 3, 3, 482, 0),
(70, 1, 3, 3, 8, 0),
(71, 5, 4, 3, 384, 0),
(72, 4, 4, 3, 603, 0),
(73, 3, 4, 3, 358, 0),
(74, 2, 4, 3, 379, 0),
(75, 1, 4, 3, 390, 0),
(76, 5, 5, 3, 596, 0),
(77, 4, 5, 3, 603, 0),
(78, 3, 5, 3, 384, 0),
(79, 2, 5, 3, 583, 0),
(80, 1, 5, 3, 470, 0),
(81, 5, 6, 3, 18, 0),
(82, 4, 6, 3, 737, 0),
(83, 3, 6, 3, 615, 0),
(84, 2, 6, 3, 933, 0),
(85, 1, 6, 3, 596, 0),
(86, 5, 7, 3, 603, 0),
(87, 4, 7, 3, 556, 0),
(88, 3, 7, 3, 384, 0),
(89, 2, 7, 3, 364, 0),
(90, 1, 7, 3, 568, 0),
(91, 5, 8, 3, 384, 0),
(92, 4, 8, 3, 350, 0),
(93, 3, 8, 3, 556, 0),
(94, 2, 8, 3, 603, 0),
(95, 1, 8, 3, 231, 0),
(96, 5, 1, 4, 9, 0),
(97, 4, 1, 4, 596, 0),
(98, 5, 2, 4, 708, 0),
(99, 4, 2, 4, 464, 0),
(100, 5, 3, 4, 596, 0),
(101, 4, 3, 4, 429, 0),
(102, 5, 4, 4, 464, 0),
(103, 4, 4, 4, 596, 0),
(104, 5, 5, 4, 596, 0),
(105, 4, 5, 4, 479, 0),
(106, 3, 5, 4, 336, 0),
(107, 2, 5, 4, 210, 0),
(108, 5, 6, 4, 429, 0),
(109, 4, 6, 4, 109, 0),
(110, 3, 6, 4, 832, 0),
(111, 5, 7, 4, 229, 0),
(112, 4, 7, 4, 301, 0),
(113, 3, 7, 4, 832, 0),
(114, 2, 7, 4, 603, 0),
(115, 5, 8, 4, 384, 0),
(116, 4, 8, 4, 863, 0),
(117, 3, 8, 4, 596, 0),
(118, 2, 8, 4, 429, 0),
(119, 5, 1, 5, 622, 0),
(120, 4, 1, 5, 887, 0),
(121, 3, 1, 5, 962, 0),
(122, 2, 1, 5, 464, 0),
(123, 1, 1, 5, 437, 0),
(124, 5, 2, 5, 603, 0),
(125, 4, 2, 5, 811, 0),
(126, 3, 2, 5, 494, 0),
(127, 2, 2, 5, 962, 0),
(128, 1, 2, 5, 32, 0),
(129, 5, 3, 5, 429, 0),
(130, 4, 3, 5, 32, 0),
(131, 3, 3, 5, 348, 0),
(132, 1, 3, 5, 771, 0),
(133, 5, 4, 5, 821, 0),
(134, 4, 4, 5, 437, 0),
(135, 3, 4, 5, 839, 0),
(136, 2, 4, 5, 603, 0),
(137, 1, 4, 5, 735, 0),
(138, 5, 5, 5, 387, 0),
(139, 4, 5, 5, 962, 0),
(140, 3, 5, 5, 893, 0),
(141, 2, 5, 5, 587, 0),
(142, 1, 5, 5, 603, 0),
(143, 5, 6, 5, 738, 0),
(144, 4, 6, 5, 429, 0),
(145, 3, 6, 5, 571, 0),
(146, 2, 6, 5, 839, 0),
(147, 1, 6, 5, 598, 0),
(148, 5, 7, 5, 268, 0),
(149, 4, 7, 5, 139, 0),
(150, 3, 7, 5, 28, 0),
(151, 2, 7, 5, 350, 0),
(152, 1, 7, 5, 459, 0),
(153, 5, 8, 5, 464, 0),
(154, 4, 8, 5, 384, 0),
(155, 3, 8, 5, 574, 0),
(156, 2, 8, 5, 887, 0),
(157, 1, 8, 5, 543, 0),
(158, 5, 1, 6, 596, 0),
(159, 4, 1, 6, 494, 0),
(160, 3, 1, 6, 18, 0),
(161, 5, 2, 6, 91, 0),
(162, 4, 2, 6, 470, 0),
(163, 3, 2, 6, 494, 0),
(164, 2, 2, 6, 596, 0),
(165, 1, 2, 6, 393, 0),
(166, 5, 3, 6, 596, 0),
(167, 4, 3, 6, 494, 0),
(168, 3, 3, 6, 18, 0),
(169, 2, 3, 6, 956, 0),
(170, 5, 4, 6, 596, 0),
(171, 4, 4, 6, 18, 0),
(172, 3, 4, 6, 494, 0),
(173, 5, 5, 6, 9, 0),
(174, 4, 5, 6, 956, 0),
(175, 3, 5, 6, 596, 0),
(176, 5, 6, 6, 596, 0),
(177, 4, 6, 6, 956, 0),
(178, 3, 6, 6, 470, 0),
(179, 2, 6, 6, 494, 0),
(180, 1, 6, 6, 18, 0),
(181, 5, 7, 6, 603, 0),
(182, 4, 7, 6, 801, 0),
(183, 3, 7, 6, 903, 0),
(184, 2, 7, 6, 207, 0),
(185, 1, 7, 6, 87, 0),
(186, 5, 8, 6, 384, 0),
(187, 4, 8, 6, 9, 0),
(188, 3, 8, 6, 494, 0),
(189, 5, 1, 7, 456, 0),
(190, 4, 1, 7, 843, 0),
(191, 3, 1, 7, 660, 0),
(192, 5, 2, 7, 91, 0),
(193, 4, 2, 7, 669, 0),
(194, 3, 2, 7, 596, 0),
(195, 2, 2, 7, 470, 0),
(196, 5, 3, 7, 369, 0),
(197, 4, 3, 7, 596, 0),
(198, 3, 3, 7, 496, 0),
(199, 5, 4, 7, 900, 0),
(200, 4, 4, 7, 596, 0),
(201, 3, 4, 7, 325, 0),
(202, 5, 5, 7, 962, 0),
(203, 4, 5, 7, 596, 0),
(204, 3, 5, 7, 466, 0),
(205, 2, 5, 7, 603, 0),
(206, 5, 6, 7, 596, 0),
(207, 4, 6, 7, 325, 0),
(208, 3, 6, 7, 603, 0),
(209, 5, 7, 7, 603, 0),
(210, 4, 7, 7, 651, 0),
(211, 3, 7, 7, 367, 0),
(212, 5, 8, 7, 384, 0),
(213, 4, 8, 7, 651, 0),
(214, 3, 8, 7, 358, 0),
(215, 2, 8, 7, 470, 0),
(216, 1, 8, 7, 456, 0),
(217, 5, 2, 8, 843, 0),
(218, 5, 3, 8, 553, 0),
(219, 5, 5, 8, 333, 0),
(220, 5, 7, 8, 268, 0),
(221, 4, 7, 8, 509, 0),
(222, 5, 8, 8, 584, 0),
(223, 4, 8, 8, 358, 0),
(224, 5, 2, 9, 122, 0),
(225, 5, 3, 9, 26, 0),
(226, 5, 5, 9, 9, 0),
(227, 5, 6, 9, 365, 0),
(228, 5, 7, 9, 406, 0),
(229, 5, 8, 9, 384, 0),
(230, 5, 4, 10, 122, 0),
(231, 5, 6, 10, 767, 0),
(232, 5, 7, 10, 398, 0),
(233, 5, 8, 10, 398, 0),
(234, 5, 2, 11, 831, 0),
(235, 5, 3, 11, 486, 0),
(236, 5, 5, 11, 365, 0),
(237, 5, 6, 11, 470, 0),
(238, 5, 2, 12, 325, 0),
(239, 5, 3, 12, 393, 0),
(240, 5, 5, 12, 603, 0),
(241, 5, 6, 12, 18, 0),
(242, 5, 7, 12, 962, 0),
(243, 5, 8, 12, 324, 0),
(244, 5, 2, 13, 596, 0),
(245, 5, 3, 13, 596, 0),
(246, 5, 5, 13, 18, 0),
(247, 5, 6, 13, 596, 0),
(248, 5, 7, 13, 603, 0),
(249, 5, 8, 13, 384, 0),
(250, 5, 2, 14, 596, 0),
(251, 5, 3, 14, 18, 0),
(252, 5, 5, 14, 962, 0),
(253, 5, 6, 14, 596, 0),
(254, 5, 7, 14, 603, 0),
(255, 5, 8, 14, 384, 0),
(256, 5, 2, 15, 276, 0),
(257, 5, 3, 15, 225, 0),
(258, 5, 5, 15, 587, 0),
(259, 4, 5, 15, 540, 0),
(260, 5, 6, 15, 479, 0),
(261, 4, 6, 15, 384, 0),
(262, 5, 1, 16, 276, 0),
(263, 4, 1, 16, 65, 0),
(264, 3, 1, 16, 587, 0),
(265, 5, 2, 16, 776, 0),
(266, 4, 2, 16, 393, 0),
(267, 3, 2, 16, 276, 0),
(268, 5, 3, 16, 148, 0),
(269, 4, 3, 16, 776, 0),
(270, 3, 3, 16, 596, 0),
(271, 5, 4, 16, 496, 0),
(272, 4, 4, 16, 148, 0),
(273, 3, 4, 16, 596, 0),
(274, 2, 4, 16, 587, 0),
(275, 5, 5, 16, 596, 0),
(276, 4, 5, 16, 148, 0),
(277, 3, 5, 16, 65, 0),
(278, 5, 6, 16, 65, 0),
(279, 4, 6, 16, 596, 0),
(280, 5, 7, 16, 496, 0),
(281, 5, 8, 16, 596, 0),
(282, 5, 1, 17, 494, 0),
(283, 4, 1, 17, 485, 0),
(284, 5, 2, 17, 839, 0),
(285, 4, 2, 17, 255, 0),
(286, 3, 2, 17, 772, 0),
(287, 2, 2, 17, 512, 0),
(288, 1, 2, 17, 9, 0),
(289, 5, 3, 17, 558, 0),
(290, 4, 3, 17, 885, 0),
(291, 3, 3, 17, 83, 0),
(292, 2, 3, 17, 89, 0),
(293, 1, 3, 17, 521, 0),
(294, 5, 4, 17, 255, 0),
(295, 4, 4, 17, 881, 0),
(296, 3, 4, 17, 847, 0),
(297, 2, 4, 17, 245, 0),
(298, 1, 4, 17, 760, 0),
(299, 5, 5, 17, 181, 0),
(300, 4, 5, 17, 255, 0),
(301, 3, 5, 17, 210, 0),
(302, 2, 5, 17, 421, 0),
(303, 1, 5, 17, 350, 0),
(304, 5, 6, 17, 105, 0),
(305, 4, 6, 17, 350, 0),
(306, 3, 6, 17, 795, 0),
(307, 2, 6, 17, 201, 0),
(308, 5, 7, 17, 402, 0),
(309, 4, 7, 17, 801, 0),
(310, 3, 7, 17, 282, 0),
(311, 2, 7, 17, 973, 0),
(312, 1, 7, 17, 350, 0),
(313, 5, 8, 17, 694, 0),
(314, 4, 8, 17, 384, 0),
(315, 3, 8, 17, 298, 0),
(316, 2, 8, 17, 679, 0),
(317, 1, 8, 17, 293, 0),
(318, 5, 1, 18, 302, 0),
(319, 4, 1, 18, 551, 0),
(320, 3, 1, 18, 925, 0),
(321, 5, 2, 18, 596, 0),
(322, 4, 2, 18, 26, 0),
(323, 5, 3, 18, 635, 0),
(324, 4, 3, 18, 429, 0),
(325, 5, 4, 18, 199, 0),
(326, 4, 4, 18, 405, 0),
(327, 3, 4, 18, 854, 0),
(328, 5, 5, 18, 430, 0),
(329, 4, 5, 18, 494, 0),
(330, 5, 6, 18, 494, 0),
(331, 4, 6, 18, 405, 0),
(332, 3, 6, 18, 887, 0),
(333, 5, 7, 18, 406, 0),
(334, 5, 8, 18, 779, 0),
(335, 4, 8, 18, 912, 0),
(336, 5, 1, 19, 456, 0),
(337, 4, 1, 19, 229, 0),
(338, 5, 2, 19, 962, 0),
(339, 4, 2, 19, 587, 0),
(340, 3, 2, 19, 225, 0),
(341, 2, 2, 19, 649, 0),
(342, 5, 3, 19, 18, 0),
(343, 5, 4, 19, 884, 0),
(344, 4, 4, 19, 551, 0),
(345, 3, 4, 19, 962, 0),
(346, 2, 4, 19, 273, 0),
(347, 5, 5, 19, 925, 0),
(348, 4, 5, 19, 45, 0),
(349, 3, 5, 19, 893, 0),
(350, 5, 6, 19, 962, 0),
(351, 5, 7, 19, 509, 0),
(352, 4, 7, 19, 282, 0),
(353, 3, 7, 19, 801, 0),
(354, 2, 7, 19, 14, 0),
(355, 5, 8, 19, 298, 0),
(356, 5, 1, 20, 366, 0),
(357, 4, 1, 20, 487, 0),
(358, 5, 2, 20, 204, 0),
(359, 4, 2, 20, 210, 0),
(360, 3, 2, 20, 831, 0),
(361, 5, 3, 20, 831, 0),
(362, 4, 3, 20, 596, 0),
(363, 5, 4, 20, 204, 0),
(364, 4, 4, 20, 177, 0),
(365, 3, 4, 20, 421, 0),
(366, 5, 5, 20, 204, 0),
(367, 4, 5, 20, 405, 0),
(368, 5, 6, 20, 204, 0),
(369, 5, 7, 20, 539, 0),
(370, 4, 7, 20, 406, 0),
(371, 5, 8, 20, 405, 0),
(372, 4, 8, 20, 805, 0),
(373, 3, 8, 20, 802, 0),
(374, 5, 1, 21, 350, 0),
(375, 4, 1, 21, 551, 0),
(376, 3, 1, 21, 26, 0),
(377, 2, 1, 21, 900, 0),
(378, 1, 1, 21, 951, 0),
(379, 5, 2, 21, 958, 0),
(380, 4, 2, 21, 119, 0),
(381, 3, 2, 21, 704, 0),
(382, 2, 2, 21, 897, 0),
(383, 1, 2, 21, 114, 0),
(384, 5, 3, 21, 350, 0),
(385, 4, 3, 21, 551, 0),
(386, 3, 3, 21, 9, 0),
(387, 2, 3, 21, 513, 0),
(388, 1, 3, 21, 592, 0),
(389, 5, 4, 21, 951, 0),
(390, 4, 4, 21, 641, 0),
(391, 3, 4, 21, 667, 0),
(392, 2, 4, 21, 936, 0),
(393, 1, 4, 21, 339, 0),
(394, 5, 5, 21, 18, 0),
(395, 4, 5, 21, 843, 0),
(396, 3, 5, 21, 588, 0),
(397, 2, 5, 21, 694, 0),
(398, 1, 5, 21, 937, 0),
(399, 5, 6, 21, 18, 0),
(400, 4, 6, 21, 393, 0),
(401, 3, 6, 21, 951, 0),
(402, 2, 6, 21, 41, 0),
(403, 1, 6, 21, 4, 0),
(404, 5, 7, 21, 332, 0),
(405, 4, 7, 21, 18, 0),
(406, 3, 7, 21, 773, 0),
(407, 2, 7, 21, 312, 0),
(408, 1, 7, 21, 817, 0),
(409, 5, 8, 21, 384, 0),
(410, 4, 8, 21, 872, 0),
(411, 3, 8, 21, 775, 0),
(412, 2, 8, 21, 69, 0),
(413, 1, 8, 21, 426, 0),
(414, 5, 1, 22, 864, 0),
(415, 4, 1, 22, 325, 0),
(416, 3, 1, 22, 705, 0),
(417, 2, 1, 22, 900, 0),
(418, 5, 2, 22, 553, 0),
(419, 4, 2, 22, 67, 0),
(420, 3, 2, 22, 705, 0),
(421, 5, 3, 22, 18, 0),
(422, 4, 3, 22, 328, 0),
(423, 3, 3, 22, 705, 0),
(424, 5, 4, 22, 199, 0),
(425, 4, 4, 22, 540, 0),
(426, 3, 4, 22, 67, 0),
(427, 5, 5, 22, 9, 0),
(428, 4, 5, 22, 199, 0),
(429, 3, 5, 22, 325, 0),
(430, 5, 6, 22, 18, 0),
(431, 4, 6, 22, 705, 0),
(432, 3, 6, 22, 596, 0),
(433, 2, 6, 22, 18, 0),
(434, 5, 7, 22, 603, 0),
(435, 4, 7, 22, 207, 0),
(436, 5, 1, 23, 405, 0),
(437, 5, 2, 23, 198, 0),
(438, 4, 2, 23, 65, 0),
(439, 5, 4, 23, 482, 0),
(440, 4, 4, 23, 462, 0),
(441, 5, 5, 23, 273, 0),
(442, 4, 5, 23, 65, 0),
(443, 5, 7, 23, 418, 0),
(444, 5, 8, 23, 954, 0),
(445, 5, 1, 24, 720, 0),
(446, 4, 1, 24, 843, 0),
(447, 5, 2, 24, 584, 0),
(448, 5, 3, 24, 708, 0),
(449, 5, 4, 24, 965, 0),
(450, 4, 4, 24, 925, 0),
(451, 5, 5, 24, 603, 0),
(452, 4, 5, 24, 962, 0),
(453, 3, 5, 24, 587, 0),
(454, 5, 6, 24, 587, 0),
(455, 5, 7, 24, 962, 0),
(456, 4, 7, 24, 199, 0),
(457, 3, 7, 24, 456, 0),
(458, 5, 8, 24, 962, 0),
(459, 4, 8, 24, 603, 0),
(460, 3, 8, 24, 601, 0),
(461, 5, 1, 25, 843, 0),
(462, 5, 2, 25, 384, 0),
(463, 4, 2, 25, 583, 0),
(464, 3, 2, 25, 101, 0),
(465, 2, 2, 25, 287, 0),
(466, 5, 3, 25, 6, 0),
(467, 4, 3, 25, 587, 0),
(468, 5, 4, 25, 199, 0),
(469, 4, 4, 25, 455, 0),
(470, 5, 5, 25, 161, 0),
(471, 4, 5, 25, 784, 0),
(472, 3, 5, 25, 358, 0),
(473, 5, 7, 25, 402, 0),
(474, 4, 7, 25, 406, 0),
(475, 3, 7, 25, 603, 0),
(476, 5, 8, 25, 384, 0),
(477, 4, 8, 25, 402, 0),
(478, 5, 1, 26, 26, 0),
(479, 4, 1, 26, 338, 0),
(480, 3, 1, 26, 297, 0),
(481, 2, 1, 26, 450, 0),
(482, 5, 2, 26, 18, 0),
(483, 4, 2, 26, 843, 0),
(484, 3, 2, 26, 354, 0),
(485, 2, 2, 26, 870, 0),
(486, 5, 3, 26, 596, 0),
(487, 4, 3, 26, 596, 0),
(488, 3, 3, 26, 358, 0),
(489, 2, 3, 26, 369, 0),
(490, 5, 4, 26, 881, 0),
(491, 4, 4, 26, 491, 0),
(492, 3, 4, 26, 97, 0),
(493, 2, 4, 26, 202, 0),
(494, 1, 4, 26, 255, 0),
(495, 5, 5, 26, 255, 0),
(496, 4, 5, 26, 925, 0),
(497, 3, 5, 26, 959, 0),
(498, 5, 6, 26, 596, 0),
(499, 5, 7, 26, 282, 0),
(500, 4, 7, 26, 939, 0),
(501, 3, 7, 26, 931, 0),
(502, 2, 7, 26, 613, 0),
(503, 1, 7, 26, 202, 0),
(504, 5, 8, 26, 651, 0),
(505, 4, 8, 26, 491, 0),
(506, 3, 8, 26, 50, 0),
(507, 2, 8, 26, 255, 0),
(508, 1, 8, 26, 26, 0),
(509, 5, 1, 27, 11, 0),
(510, 4, 1, 27, 909, 0),
(511, 5, 2, 27, 843, 0),
(512, 4, 2, 27, 335, 0),
(513, 3, 2, 27, 679, 0),
(514, 2, 2, 27, 709, 0),
(515, 5, 3, 27, 91, 0),
(516, 4, 3, 27, 18, 0),
(517, 3, 3, 27, 587, 0),
(518, 5, 4, 27, 958, 0),
(519, 4, 4, 27, 631, 0),
(520, 5, 5, 27, 205, 0),
(521, 4, 5, 27, 720, 0),
(522, 5, 6, 27, 592, 0),
(523, 4, 6, 27, 429, 0),
(524, 4, 7, 27, 166, 0),
(525, 3, 7, 27, 539, 0),
(526, 5, 8, 27, 384, 0),
(527, 3, 8, 27, 570, 0),
(528, 5, 1, 28, 55, 0),
(529, 4, 1, 28, 596, 0),
(530, 5, 2, 28, 9, 0),
(531, 4, 2, 28, 55, 0),
(532, 3, 2, 28, 553, 0),
(533, 5, 3, 28, 596, 0),
(534, 5, 4, 28, 9, 0),
(535, 4, 4, 28, 55, 0),
(536, 5, 5, 28, 9, 0),
(537, 4, 5, 28, 55, 0),
(538, 5, 6, 28, 553, 0),
(539, 4, 6, 28, 479, 0),
(540, 3, 6, 28, 55, 0),
(541, 5, 8, 28, 543, 0),
(542, 5, 1, 29, 358, 0),
(543, 4, 1, 29, 596, 0),
(544, 3, 1, 29, 284, 0),
(545, 5, 2, 29, 596, 0),
(546, 4, 2, 29, 26, 0),
(547, 3, 2, 29, 958, 0),
(548, 5, 3, 29, 596, 0),
(549, 4, 3, 29, 482, 0),
(550, 5, 4, 29, 958, 0),
(551, 3, 4, 29, 310, 0),
(552, 5, 5, 29, 358, 0),
(553, 4, 5, 29, 958, 0),
(554, 5, 6, 29, 596, 0),
(555, 4, 6, 29, 494, 0),
(556, 5, 7, 29, 261, 0),
(557, 4, 7, 29, 482, 0),
(558, 3, 7, 29, 406, 0),
(559, 5, 8, 29, 663, 0),
(560, 4, 8, 29, 261, 0),
(561, 3, 8, 29, 482, 0),
(562, 2, 8, 29, 494, 0),
(563, 5, 1, 30, 720, 0),
(564, 4, 1, 30, 887, 0),
(565, 3, 1, 30, 59, 0),
(566, 2, 1, 30, 191, 0),
(567, 5, 2, 30, 596, 0),
(568, 4, 2, 30, 964, 0),
(569, 3, 2, 30, 354, 0),
(570, 2, 2, 30, 62, 0),
(571, 5, 3, 30, 798, 0),
(572, 4, 3, 30, 9, 0),
(573, 3, 3, 30, 556, 0),
(574, 2, 3, 30, 206, 0),
(575, 5, 4, 30, 860, 0),
(576, 4, 4, 30, 494, 0),
(577, 3, 4, 30, 925, 0),
(578, 2, 4, 30, 276, 0),
(579, 1, 4, 30, 455, 0),
(580, 5, 5, 30, 555, 0),
(581, 4, 5, 30, 432, 0),
(582, 3, 5, 30, 798, 0),
(583, 2, 5, 30, 457, 0),
(584, 5, 6, 30, 556, 0),
(585, 4, 6, 30, 338, 0),
(586, 3, 6, 30, 760, 0),
(587, 2, 6, 30, 9, 0),
(588, 5, 7, 30, 963, 0),
(589, 4, 7, 30, 142, 0),
(590, 3, 7, 30, 478, 0),
(591, 2, 7, 30, 539, 0),
(592, 5, 8, 30, 962, 0),
(593, 4, 8, 30, 556, 0),
(594, 3, 8, 30, 887, 0),
(595, 2, 8, 30, 183, 0),
(596, 5, 1, 31, 167, 0),
(597, 4, 1, 31, 347, 0),
(598, 3, 1, 31, 276, 0),
(599, 5, 2, 31, 294, 0),
(600, 4, 2, 31, 962, 0),
(601, 3, 2, 31, 419, 0),
(602, 5, 3, 31, 479, 0),
(603, 4, 3, 31, 270, 0),
(604, 3, 3, 31, 747, 0),
(605, 2, 3, 31, 553, 0),
(606, 5, 4, 31, 479, 0),
(607, 4, 4, 31, 206, 0),
(608, 3, 4, 31, 73, 0),
(609, 5, 5, 31, 276, 0),
(610, 4, 5, 31, 429, 0),
(611, 3, 5, 31, 743, 0),
(612, 5, 6, 31, 553, 0),
(613, 4, 6, 31, 756, 0),
(614, 3, 6, 31, 347, 0),
(615, 5, 7, 31, 312, 0),
(616, 4, 7, 31, 229, 0),
(617, 3, 7, 31, 942, 0),
(618, 5, 8, 31, 556, 0),
(619, 4, 8, 31, 456, 0),
(620, 3, 8, 31, 495, 0),
(621, 5, 1, 32, 708, 0),
(622, 4, 1, 32, 55, 0),
(623, 5, 2, 32, 952, 0),
(624, 4, 2, 32, 551, 0),
(625, 3, 2, 32, 26, 0),
(626, 5, 3, 32, 708, 0),
(627, 4, 3, 32, 55, 0),
(628, 5, 4, 32, 551, 0),
(629, 4, 4, 32, 26, 0),
(630, 2, 4, 32, 565, 0),
(631, 5, 5, 32, 384, 0),
(632, 4, 5, 32, 603, 0),
(633, 3, 5, 32, 193, 0),
(634, 5, 6, 32, 635, 0),
(635, 5, 7, 32, 406, 0),
(636, 5, 8, 32, 384, 0),
(637, 4, 8, 32, 962, 0),
(638, 3, 8, 32, 354, 0),
(639, 2, 8, 32, 603, 0),
(640, 5, 1, 33, 675, 0),
(641, 4, 1, 33, 256, 0),
(642, 3, 1, 33, 587, 0),
(643, 2, 1, 33, 78, 0),
(644, 1, 1, 33, 720, 0),
(645, 5, 2, 33, 844, 0),
(646, 4, 2, 33, 354, 0),
(647, 3, 2, 33, 338, 0),
(648, 2, 2, 33, 384, 0),
(649, 1, 2, 33, 760, 0),
(650, 5, 3, 33, 822, 0),
(651, 4, 3, 33, 64, 0),
(652, 3, 3, 33, 81, 0),
(653, 2, 3, 33, 587, 0),
(654, 1, 3, 33, 396, 0),
(655, 5, 4, 33, 587, 0),
(656, 4, 4, 33, 850, 0),
(657, 3, 4, 33, 683, 0),
(658, 2, 4, 33, 11, 0),
(659, 1, 4, 33, 350, 0),
(660, 5, 5, 33, 170, 0),
(661, 4, 5, 33, 587, 0),
(662, 3, 5, 33, 868, 0),
(663, 2, 5, 33, 9, 0),
(664, 1, 5, 33, 81, 0),
(665, 5, 6, 33, 683, 0),
(666, 4, 6, 33, 836, 0),
(667, 3, 6, 33, 587, 0),
(668, 2, 6, 33, 300, 0),
(669, 1, 6, 33, 867, 0),
(670, 4, 7, 33, 94, 0),
(671, 5, 8, 33, 433, 0),
(672, 4, 8, 33, 320, 0),
(673, 3, 8, 33, 9, 0),
(674, 2, 8, 33, 210, 0),
(675, 1, 8, 33, 49, 0),
(676, 5, 1, 34, 734, 0),
(677, 4, 1, 34, 720, 0),
(678, 3, 1, 34, 350, 0),
(679, 2, 1, 34, 250, 0),
(680, 1, 1, 34, 456, 0),
(681, 5, 2, 34, 843, 0),
(682, 4, 2, 34, 596, 0),
(683, 3, 2, 34, 876, 0),
(684, 5, 3, 34, 596, 0),
(685, 4, 3, 34, 325, 0),
(686, 3, 3, 34, 225, 0),
(687, 5, 4, 34, 55, 0),
(688, 4, 4, 34, 456, 0),
(689, 3, 4, 34, 851, 0),
(690, 5, 5, 34, 65, 0),
(691, 4, 5, 34, 325, 0),
(692, 3, 5, 34, 540, 0),
(693, 2, 5, 34, 407, 0),
(694, 1, 5, 34, 596, 0),
(695, 5, 6, 34, 225, 0),
(696, 4, 6, 34, 734, 0),
(697, 3, 6, 34, 935, 0),
(698, 5, 7, 34, 734, 0),
(699, 4, 7, 34, 229, 0),
(700, 3, 7, 34, 183, 0),
(701, 5, 8, 34, 319, 0),
(702, 4, 8, 34, 229, 0),
(703, 3, 8, 34, 935, 0),
(704, 2, 8, 34, 734, 0),
(705, 5, 1, 35, 75, 0),
(706, 4, 1, 35, 250, 0),
(707, 3, 1, 35, 263, 0),
(708, 5, 2, 35, 93, 0),
(709, 4, 2, 35, 128, 0),
(710, 3, 2, 35, 273, 0),
(711, 2, 2, 35, 592, 0),
(712, 1, 2, 35, 336, 0),
(713, 5, 3, 35, 109, 0),
(714, 4, 3, 35, 64, 0),
(715, 3, 3, 35, 858, 0),
(716, 2, 3, 35, 131, 0),
(717, 1, 3, 35, 429, 0),
(718, 5, 4, 35, 167, 0),
(719, 4, 4, 35, 128, 0),
(720, 3, 4, 35, 859, 0),
(721, 2, 4, 35, 273, 0),
(722, 1, 4, 35, 199, 0),
(723, 5, 5, 35, 181, 0),
(724, 4, 5, 35, 592, 0),
(725, 3, 5, 35, 273, 0),
(726, 2, 5, 35, 718, 0),
(727, 1, 5, 35, 434, 0),
(728, 5, 6, 35, 900, 0),
(729, 4, 6, 35, 403, 0),
(730, 3, 6, 35, 109, 0),
(731, 2, 6, 35, 197, 0),
(732, 1, 6, 35, 429, 0),
(733, 5, 7, 35, 539, 0),
(734, 4, 7, 35, 229, 0),
(735, 3, 7, 35, 282, 0),
(736, 2, 7, 35, 940, 0),
(737, 1, 7, 35, 929, 0),
(738, 5, 8, 35, 198, 0),
(739, 4, 8, 35, 370, 0),
(740, 3, 8, 35, 229, 0),
(741, 2, 8, 35, 250, 0),
(742, 1, 8, 35, 117, 0),
(743, 5, 1, 36, 167, 0),
(744, 4, 1, 36, 419, 0),
(745, 3, 1, 36, 553, 0),
(746, 2, 1, 36, 255, 0),
(747, 1, 1, 36, 720, 0),
(748, 5, 2, 36, 843, 0),
(749, 4, 2, 36, 596, 0),
(750, 3, 2, 36, 487, 0),
(751, 2, 2, 36, 276, 0),
(752, 1, 2, 36, 925, 0),
(753, 5, 3, 36, 596, 0),
(754, 4, 3, 36, 429, 0),
(755, 3, 3, 36, 103, 0),
(756, 2, 3, 36, 719, 0),
(757, 1, 3, 36, 487, 0),
(758, 5, 4, 36, 186, 0),
(759, 4, 4, 36, 503, 0),
(760, 3, 4, 36, 958, 0),
(761, 2, 4, 36, 350, 0),
(762, 1, 4, 36, 720, 0),
(763, 5, 5, 36, 514, 0),
(764, 4, 5, 36, 186, 0),
(765, 3, 5, 36, 958, 0),
(766, 2, 5, 36, 354, 0),
(767, 1, 5, 36, 229, 0),
(768, 5, 6, 36, 18, 0),
(769, 4, 6, 36, 325, 0),
(770, 3, 6, 36, 365, 0),
(771, 2, 6, 36, 9, 0),
(772, 1, 6, 36, 354, 0),
(773, 5, 7, 36, 406, 0),
(774, 4, 7, 36, 354, 0),
(775, 3, 7, 36, 801, 0),
(776, 2, 7, 36, 282, 0),
(777, 1, 7, 36, 595, 0),
(778, 5, 8, 36, 805, 0),
(779, 4, 8, 36, 693, 0),
(780, 3, 8, 36, 403, 0),
(781, 2, 8, 36, 46, 0),
(782, 1, 8, 36, 86, 0),
(783, 5, 1, 37, 18, 0),
(784, 4, 1, 37, 55, 0),
(785, 3, 1, 37, 771, 0),
(786, 2, 1, 37, 79, 0),
(787, 5, 2, 37, 596, 0),
(788, 4, 2, 37, 652, 0),
(789, 3, 2, 37, 358, 0),
(790, 2, 2, 37, 9, 0),
(791, 1, 2, 37, 652, 0),
(792, 5, 3, 37, 596, 0),
(793, 4, 3, 37, 469, 0),
(794, 3, 3, 37, 738, 0),
(795, 2, 3, 37, 831, 0),
(796, 1, 3, 37, 429, 0),
(797, 5, 4, 37, 199, 0),
(798, 4, 4, 37, 718, 0),
(799, 3, 4, 37, 324, 0),
(800, 5, 5, 37, 385, 0),
(801, 4, 5, 37, 826, 0),
(802, 5, 6, 37, 384, 0),
(803, 4, 6, 37, 9, 0),
(804, 3, 6, 37, 18, 0),
(805, 2, 6, 37, 603, 0),
(806, 1, 6, 37, 596, 0),
(807, 5, 7, 37, 406, 0),
(808, 4, 7, 37, 801, 0),
(809, 3, 7, 37, 207, 0),
(810, 2, 7, 37, 759, 0),
(811, 5, 8, 37, 384, 0),
(812, 4, 8, 37, 526, 0),
(813, 3, 8, 37, 910, 0),
(814, 5, 1, 38, 596, 0),
(815, 4, 1, 38, 358, 0),
(816, 3, 1, 38, 470, 0),
(817, 5, 2, 38, 551, 0),
(818, 4, 2, 38, 456, 0),
(819, 3, 2, 38, 543, 0),
(820, 2, 2, 38, 455, 0),
(821, 5, 3, 38, 543, 0),
(822, 4, 3, 38, 596, 0),
(823, 3, 3, 38, 108, 0),
(824, 2, 3, 38, 281, 0),
(825, 5, 4, 38, 556, 0),
(826, 4, 4, 38, 596, 0),
(827, 3, 4, 38, 456, 0),
(828, 5, 5, 38, 456, 0),
(829, 4, 5, 38, 455, 0),
(830, 5, 6, 38, 596, 0),
(831, 4, 6, 38, 555, 0),
(832, 5, 7, 38, 556, 0),
(833, 4, 7, 38, 432, 0),
(834, 3, 7, 38, 470, 0),
(835, 5, 8, 38, 543, 0),
(836, 4, 8, 38, 470, 0),
(837, 5, 1, 39, 352, 0),
(838, 4, 1, 39, 622, 0),
(839, 3, 1, 39, 603, 0),
(840, 2, 1, 39, 358, 0),
(841, 1, 1, 39, 777, 0),
(842, 5, 2, 39, 958, 0),
(843, 4, 2, 39, 839, 0),
(844, 3, 2, 39, 200, 0),
(845, 2, 2, 39, 358, 0),
(846, 1, 2, 39, 603, 0),
(847, 5, 3, 39, 533, 0),
(848, 4, 3, 39, 351, 0),
(849, 3, 3, 39, 941, 0),
(850, 2, 3, 39, 596, 0),
(851, 1, 3, 39, 823, 0),
(852, 5, 4, 39, 90, 0),
(853, 4, 4, 39, 581, 0),
(854, 3, 4, 39, 622, 0),
(855, 2, 4, 39, 603, 0),
(856, 1, 4, 39, 881, 0),
(857, 5, 5, 39, 489, 0),
(858, 4, 5, 39, 958, 0),
(859, 3, 5, 39, 340, 0),
(860, 2, 5, 39, 900, 0),
(861, 1, 5, 39, 840, 0),
(862, 5, 6, 39, 900, 0),
(863, 4, 6, 39, 358, 0),
(864, 3, 6, 39, 758, 0),
(865, 2, 6, 39, 958, 0),
(866, 5, 7, 39, 931, 0),
(867, 4, 7, 39, 350, 0),
(868, 3, 7, 39, 967, 0),
(869, 2, 7, 39, 941, 0),
(870, 5, 8, 39, 298, 0),
(871, 4, 8, 39, 49, 0),
(872, 3, 8, 39, 403, 0),
(873, 2, 8, 39, 907, 0),
(874, 5, 1, 40, 255, 0),
(875, 4, 1, 40, 587, 0),
(876, 3, 1, 40, 347, 0),
(877, 2, 1, 40, 835, 0),
(878, 1, 1, 40, 659, 0),
(879, 5, 2, 40, 384, 0),
(880, 4, 2, 40, 583, 0),
(881, 3, 2, 40, 900, 0),
(882, 2, 2, 40, 393, 0),
(883, 1, 2, 40, 587, 0),
(884, 5, 3, 40, 289, 0),
(885, 4, 3, 40, 546, 0),
(886, 3, 3, 40, 920, 0),
(887, 2, 3, 40, 276, 0),
(888, 1, 3, 40, 962, 0),
(889, 5, 4, 40, 893, 0),
(890, 4, 4, 40, 487, 0),
(891, 3, 4, 40, 316, 0),
(892, 2, 4, 40, 868, 0),
(893, 1, 4, 40, 3, 0),
(894, 5, 5, 40, 603, 0),
(895, 4, 5, 40, 384, 0),
(896, 3, 5, 40, 962, 0),
(897, 2, 5, 40, 814, 0),
(898, 1, 5, 40, 881, 0),
(899, 5, 6, 40, 659, 0),
(900, 4, 6, 40, 358, 0),
(901, 3, 6, 40, 512, 0),
(902, 2, 6, 40, 772, 0),
(903, 1, 6, 40, 587, 0),
(904, 5, 7, 40, 539, 0),
(905, 4, 7, 40, 975, 0),
(906, 3, 7, 40, 781, 0),
(907, 2, 7, 40, 167, 0),
(908, 1, 7, 40, 80, 0),
(909, 5, 8, 40, 601, 0),
(910, 4, 8, 40, 298, 0),
(911, 3, 8, 40, 405, 0),
(912, 2, 8, 40, 60, 0),
(913, 1, 8, 40, 893, 0),
(914, 5, 1, 41, 9, 0),
(915, 4, 1, 41, 10, 0),
(916, 3, 1, 41, 622, 0),
(917, 5, 2, 41, 603, 0),
(918, 4, 2, 41, 924, 0),
(919, 3, 2, 41, 596, 0),
(920, 2, 2, 41, 622, 0),
(921, 1, 2, 41, 476, 0),
(922, 4, 3, 41, 603, 0),
(923, 5, 4, 41, 311, 0),
(924, 4, 4, 41, 900, 0),
(925, 3, 4, 41, 560, 0),
(926, 2, 4, 41, 596, 0),
(927, 5, 5, 41, 603, 0),
(928, 4, 5, 41, 622, 0),
(929, 3, 5, 41, 596, 0),
(930, 2, 5, 41, 556, 0),
(931, 1, 5, 41, 900, 0),
(932, 5, 6, 41, 429, 0),
(933, 4, 6, 41, 487, 0),
(934, 3, 6, 41, 603, 0),
(935, 2, 6, 41, 622, 0),
(936, 1, 6, 41, 470, 0),
(937, 5, 7, 41, 250, 0),
(938, 4, 7, 41, 402, 0),
(939, 3, 7, 41, 208, 0),
(940, 2, 7, 41, 286, 0),
(941, 5, 8, 41, 384, 0),
(942, 4, 8, 41, 417, 0),
(943, 3, 8, 41, 358, 0),
(944, 1, 8, 41, 651, 0),
(945, 5, 1, 42, 958, 0),
(946, 4, 1, 42, 358, 0),
(947, 3, 1, 42, 91, 0),
(948, 5, 2, 42, 603, 0),
(949, 4, 2, 42, 429, 0),
(950, 3, 2, 42, 335, 0),
(951, 2, 2, 42, 540, 0),
(952, 1, 2, 42, 26, 0),
(953, 5, 3, 42, 511, 0),
(954, 4, 3, 42, 285, 0),
(955, 3, 3, 42, 437, 0),
(956, 2, 3, 42, 603, 0),
(957, 1, 3, 42, 944, 0),
(958, 5, 4, 42, 958, 0),
(959, 4, 4, 42, 601, 0),
(960, 3, 4, 42, 924, 0),
(961, 2, 4, 42, 358, 0),
(962, 1, 4, 42, 603, 0),
(963, 5, 5, 42, 603, 0),
(964, 4, 5, 42, 387, 0),
(965, 3, 5, 42, 540, 0),
(966, 2, 5, 42, 335, 0),
(967, 1, 5, 42, 958, 0),
(968, 5, 6, 42, 717, 0),
(969, 3, 6, 42, 365, 0),
(970, 2, 6, 42, 304, 0),
(971, 5, 7, 42, 603, 0),
(972, 4, 7, 42, 229, 0),
(973, 3, 7, 42, 207, 0),
(974, 2, 7, 42, 387, 0),
(975, 1, 7, 42, 518, 0),
(976, 5, 8, 42, 384, 0),
(977, 4, 8, 42, 887, 0),
(978, 3, 8, 42, 580, 0),
(979, 2, 8, 42, 387, 0),
(980, 1, 8, 42, 518, 0),
(981, 5, 1, 43, 911, 0),
(982, 4, 1, 43, 624, 0),
(983, 3, 1, 43, 482, 0),
(984, 2, 1, 43, 581, 0),
(985, 1, 1, 43, 228, 0),
(986, 5, 2, 43, 603, 0),
(987, 4, 2, 43, 843, 0),
(988, 3, 2, 43, 470, 0),
(989, 2, 2, 43, 587, 0),
(990, 1, 2, 43, 384, 0),
(991, 5, 3, 43, 596, 0),
(992, 4, 3, 43, 289, 0),
(993, 3, 3, 43, 487, 0),
(994, 2, 3, 43, 738, 0),
(995, 1, 3, 43, 469, 0),
(996, 5, 4, 43, 486, 0),
(997, 4, 4, 43, 900, 0),
(998, 3, 4, 43, 340, 0),
(999, 2, 4, 43, 935, 0),
(1000, 1, 4, 43, 467, 0),
(1001, 5, 5, 43, 603, 0),
(1002, 4, 5, 43, 900, 0),
(1003, 3, 5, 43, 487, 0),
(1004, 2, 5, 43, 340, 0),
(1005, 1, 5, 43, 962, 0),
(1006, 5, 6, 43, 738, 0),
(1007, 4, 6, 43, 323, 0),
(1008, 3, 6, 43, 486, 0),
(1009, 2, 6, 43, 466, 0),
(1010, 1, 6, 43, 469, 0),
(1011, 5, 7, 43, 523, 0),
(1012, 4, 7, 43, 439, 0),
(1013, 3, 7, 43, 142, 0),
(1014, 1, 7, 43, 835, 0),
(1015, 5, 8, 43, 632, 0),
(1016, 4, 8, 43, 371, 0),
(1017, 3, 8, 43, 198, 0),
(1018, 2, 8, 43, 117, 0),
(1019, 1, 8, 43, 203, 0),
(1020, 5, 1, 44, 720, 0),
(1021, 4, 1, 44, 962, 0),
(1022, 3, 1, 44, 893, 0),
(1023, 2, 1, 44, 347, 0),
(1024, 1, 1, 44, 839, 0),
(1025, 5, 2, 44, 384, 0),
(1026, 4, 2, 44, 962, 0),
(1027, 3, 2, 44, 603, 0),
(1028, 2, 2, 44, 587, 0),
(1029, 1, 2, 44, 182, 0),
(1030, 5, 3, 44, 587, 0),
(1031, 4, 3, 44, 347, 0),
(1032, 3, 3, 44, 239, 0),
(1033, 2, 3, 44, 91, 0),
(1034, 1, 3, 44, 962, 0),
(1035, 5, 4, 44, 622, 0),
(1036, 4, 4, 44, 839, 0),
(1037, 3, 4, 44, 384, 0),
(1038, 2, 4, 44, 760, 0),
(1039, 1, 4, 44, 893, 0),
(1040, 5, 5, 44, 384, 0),
(1041, 4, 5, 44, 893, 0),
(1042, 3, 5, 44, 603, 0),
(1043, 2, 5, 44, 106, 0),
(1044, 1, 5, 44, 813, 0),
(1045, 5, 6, 44, 962, 0),
(1046, 4, 6, 44, 181, 0),
(1047, 3, 6, 44, 603, 0),
(1048, 2, 6, 44, 347, 0),
(1049, 1, 6, 44, 839, 0),
(1050, 5, 7, 44, 603, 0),
(1051, 4, 7, 44, 207, 0),
(1052, 3, 7, 44, 406, 0),
(1053, 2, 7, 44, 807, 0),
(1054, 1, 7, 44, 539, 0),
(1055, 5, 8, 44, 384, 0),
(1056, 3, 8, 44, 557, 0),
(1057, 2, 8, 44, 962, 0),
(1058, 1, 8, 44, 912, 0),
(1059, 5, 1, 45, 962, 0),
(1060, 4, 1, 45, 720, 0),
(1061, 3, 1, 45, 55, 0),
(1062, 2, 1, 45, 964, 0),
(1063, 1, 1, 45, 429, 0),
(1064, 5, 2, 45, 962, 0),
(1065, 4, 2, 45, 948, 0),
(1066, 3, 2, 45, 335, 0),
(1067, 2, 2, 45, 354, 0),
(1068, 1, 2, 45, 91, 0),
(1069, 5, 3, 45, 596, 0),
(1070, 4, 3, 45, 159, 0),
(1071, 3, 3, 45, 103, 0),
(1072, 2, 3, 45, 18, 0),
(1073, 1, 3, 45, 705, 0),
(1074, 5, 4, 45, 958, 0),
(1075, 4, 4, 45, 900, 0),
(1076, 3, 4, 45, 626, 0),
(1077, 2, 4, 45, 255, 0),
(1078, 1, 4, 45, 948, 0),
(1079, 5, 5, 45, 962, 0),
(1080, 4, 5, 45, 900, 0),
(1081, 3, 5, 45, 608, 0),
(1082, 2, 5, 45, 626, 0),
(1083, 1, 5, 45, 720, 0),
(1084, 5, 6, 45, 247, 0),
(1085, 4, 6, 45, 948, 0),
(1086, 3, 6, 45, 159, 0),
(1087, 2, 6, 45, 720, 0),
(1088, 1, 6, 45, 948, 0),
(1089, 5, 7, 45, 331, 0),
(1090, 4, 7, 45, 354, 0),
(1091, 3, 7, 45, 539, 0),
(1092, 2, 7, 45, 207, 0),
(1093, 1, 7, 45, 720, 0),
(1094, 5, 8, 45, 679, 0),
(1095, 4, 8, 45, 962, 0),
(1096, 3, 8, 45, 354, 0),
(1097, 2, 8, 45, 378, 0),
(1098, 1, 8, 45, 146, 0),
(1099, 5, 1, 46, 350, 0),
(1100, 4, 1, 46, 962, 0),
(1101, 3, 1, 46, 490, 0),
(1102, 2, 1, 46, 491, 0),
(1103, 1, 1, 46, 587, 0),
(1104, 5, 2, 46, 962, 0),
(1105, 4, 2, 46, 384, 0),
(1106, 3, 2, 46, 924, 0),
(1107, 2, 2, 46, 587, 0),
(1108, 1, 2, 46, 671, 0),
(1109, 5, 3, 46, 596, 0),
(1110, 4, 3, 46, 482, 0),
(1111, 3, 3, 46, 350, 0),
(1112, 2, 3, 46, 651, 0),
(1113, 1, 3, 46, 272, 0),
(1114, 5, 4, 46, 924, 0),
(1115, 4, 4, 46, 587, 0),
(1116, 3, 4, 46, 206, 0),
(1117, 2, 4, 46, 962, 0),
(1118, 1, 4, 46, 350, 0),
(1119, 5, 5, 46, 9, 0),
(1120, 4, 5, 46, 962, 0),
(1121, 3, 5, 46, 350, 0),
(1122, 2, 5, 46, 847, 0),
(1123, 1, 5, 46, 587, 0),
(1124, 5, 6, 46, 587, 0),
(1125, 4, 6, 46, 9, 0),
(1126, 3, 6, 46, 962, 0),
(1127, 2, 6, 46, 596, 0),
(1128, 1, 6, 46, 924, 0),
(1129, 5, 7, 46, 603, 0),
(1130, 4, 7, 46, 229, 0),
(1131, 3, 7, 46, 801, 0),
(1132, 2, 7, 46, 312, 0),
(1133, 1, 7, 46, 847, 0),
(1134, 5, 8, 46, 464, 0),
(1135, 4, 8, 46, 384, 0),
(1136, 3, 8, 46, 9, 0),
(1137, 2, 8, 46, 962, 0),
(1138, 1, 8, 46, 284, 0),
(1139, 5, 1, 47, 855, 0),
(1140, 4, 1, 47, 97, 0),
(1141, 3, 1, 47, 847, 0),
(1142, 2, 1, 47, 81, 0),
(1143, 1, 1, 47, 651, 0),
(1144, 5, 2, 47, 276, 0),
(1145, 4, 2, 47, 649, 0),
(1146, 3, 2, 47, 223, 0),
(1147, 2, 2, 47, 112, 0),
(1148, 1, 2, 47, 255, 0),
(1149, 5, 3, 47, 16, 0),
(1150, 4, 3, 47, 270, 0),
(1151, 3, 3, 47, 64, 0),
(1152, 1, 3, 47, 651, 0),
(1153, 5, 4, 47, 456, 0),
(1154, 4, 4, 47, 957, 0),
(1155, 3, 4, 47, 26, 0),
(1156, 2, 4, 47, 255, 0),
(1157, 5, 5, 47, 273, 0),
(1158, 4, 5, 47, 456, 0),
(1159, 3, 5, 47, 201, 0),
(1160, 2, 5, 47, 849, 0),
(1161, 5, 6, 47, 587, 0),
(1162, 4, 6, 47, 747, 0),
(1163, 3, 6, 47, 725, 0),
(1164, 2, 6, 47, 613, 0),
(1165, 1, 6, 47, 271, 0),
(1166, 4, 7, 47, 406, 0),
(1167, 3, 7, 47, 801, 0),
(1168, 2, 7, 47, 613, 0),
(1169, 4, 8, 47, 912, 0),
(1170, 3, 8, 47, 250, 0),
(1171, 2, 8, 47, 26, 0),
(1172, 5, 1, 48, 720, 0),
(1173, 4, 1, 48, 544, 0),
(1174, 3, 1, 48, 248, 0),
(1175, 2, 1, 48, 350, 0),
(1176, 5, 2, 48, 301, 0),
(1177, 4, 2, 48, 774, 0),
(1178, 3, 2, 48, 544, 0),
(1179, 2, 2, 48, 303, 0),
(1180, 1, 2, 48, 596, 0),
(1181, 5, 3, 48, 290, 0),
(1182, 4, 3, 48, 276, 0),
(1183, 3, 3, 48, 358, 0),
(1184, 2, 3, 48, 554, 0),
(1185, 1, 3, 48, 596, 0),
(1186, 5, 4, 48, 554, 0),
(1187, 4, 4, 48, 748, 0),
(1188, 3, 4, 48, 795, 0),
(1189, 2, 4, 48, 796, 0),
(1190, 5, 5, 48, 774, 0),
(1191, 4, 5, 48, 668, 0),
(1192, 3, 5, 48, 2, 0),
(1193, 2, 5, 48, 23, 0),
(1194, 1, 5, 48, 538, 0),
(1195, 5, 6, 48, 554, 0),
(1196, 4, 6, 48, 2, 0),
(1197, 3, 6, 48, 880, 0),
(1198, 3, 7, 48, 301, 0),
(1199, 2, 7, 48, 373, 0),
(1200, 1, 7, 48, 232, 0),
(1201, 5, 8, 48, 846, 0),
(1202, 4, 8, 48, 184, 0),
(1203, 3, 8, 48, 555, 0),
(1204, 5, 1, 49, 358, 0),
(1205, 4, 1, 49, 669, 0),
(1206, 3, 1, 49, 482, 0),
(1207, 2, 1, 49, 787, 0),
(1208, 1, 1, 49, 229, 0),
(1209, 5, 2, 49, 556, 0),
(1210, 4, 2, 49, 398, 0),
(1211, 3, 2, 49, 255, 0),
(1212, 2, 2, 49, 587, 0),
(1213, 1, 2, 49, 925, 0),
(1214, 5, 3, 49, 93, 0),
(1215, 4, 3, 49, 276, 0),
(1216, 3, 3, 49, 733, 0),
(1217, 2, 3, 49, 167, 0),
(1218, 1, 3, 49, 587, 0),
(1219, 5, 4, 49, 13, 0),
(1220, 4, 4, 49, 358, 0),
(1221, 3, 4, 49, 787, 0),
(1222, 5, 5, 49, 556, 0),
(1223, 4, 5, 49, 647, 0),
(1224, 3, 5, 49, 482, 0),
(1225, 5, 6, 49, 53, 0),
(1226, 4, 6, 49, 255, 0),
(1227, 3, 6, 49, 587, 0),
(1228, 2, 6, 49, 882, 0),
(1229, 5, 7, 49, 720, 0),
(1230, 4, 7, 49, 75, 0),
(1231, 3, 7, 49, 801, 0),
(1232, 2, 7, 49, 398, 0),
(1233, 5, 8, 49, 482, 0),
(1234, 4, 8, 49, 720, 0),
(1235, 3, 8, 49, 440, 0),
(1236, 5, 1, 50, 9, 0),
(1237, 4, 1, 50, 701, 0),
(1238, 3, 1, 50, 186, 0),
(1239, 2, 1, 50, 556, 0),
(1240, 1, 1, 50, 555, 0),
(1241, 5, 2, 50, 839, 0),
(1242, 4, 2, 50, 9, 0),
(1243, 3, 2, 50, 255, 0),
(1244, 2, 2, 50, 555, 0),
(1245, 1, 2, 50, 336, 0),
(1246, 5, 3, 50, 596, 0),
(1247, 4, 3, 50, 429, 0),
(1248, 3, 3, 50, 714, 0),
(1249, 2, 3, 50, 555, 0),
(1250, 1, 3, 50, 782, 0),
(1251, 5, 4, 50, 958, 0),
(1252, 4, 4, 50, 900, 0),
(1253, 3, 4, 50, 943, 0),
(1254, 2, 4, 50, 199, 0),
(1255, 1, 4, 50, 255, 0),
(1256, 5, 5, 50, 839, 0),
(1257, 4, 5, 50, 971, 0),
(1258, 3, 5, 50, 429, 0),
(1259, 2, 5, 50, 900, 0),
(1260, 1, 5, 50, 326, 0),
(1261, 5, 6, 50, 900, 0),
(1262, 4, 6, 50, 669, 0),
(1263, 3, 6, 50, 289, 0),
(1264, 2, 6, 50, 287, 0),
(1265, 1, 6, 50, 911, 0),
(1266, 5, 7, 50, 301, 0),
(1267, 4, 7, 50, 283, 0),
(1268, 3, 7, 50, 539, 0),
(1269, 2, 7, 50, 207, 0),
(1270, 1, 7, 50, 406, 0),
(1271, 5, 8, 50, 283, 0),
(1272, 4, 8, 50, 962, 0),
(1273, 3, 8, 50, 720, 0),
(1274, 2, 8, 50, 9, 0),
(1275, 1, 8, 50, 556, 0),
(1276, 5, 1, 51, 569, 0),
(1277, 4, 1, 51, 934, 0),
(1278, 3, 1, 51, 555, 0),
(1279, 2, 1, 51, 748, 0),
(1280, 5, 2, 51, 429, 0),
(1281, 4, 2, 51, 276, 0),
(1282, 3, 2, 51, 596, 0),
(1283, 2, 2, 51, 366, 0),
(1284, 1, 2, 51, 743, 0),
(1285, 5, 3, 51, 18, 0),
(1286, 4, 3, 51, 372, 0),
(1287, 3, 3, 51, 508, 0),
(1288, 2, 3, 51, 600, 0),
(1289, 1, 3, 51, 429, 0),
(1290, 5, 4, 51, 455, 0),
(1291, 4, 4, 51, 490, 0),
(1292, 3, 4, 51, 925, 0),
(1293, 2, 4, 51, 555, 0),
(1294, 1, 4, 51, 366, 0),
(1295, 5, 5, 51, 455, 0),
(1296, 4, 5, 51, 851, 0),
(1297, 3, 5, 51, 434, 0),
(1298, 2, 5, 51, 634, 0),
(1299, 1, 5, 51, 162, 0),
(1300, 5, 6, 51, 372, 0),
(1301, 4, 6, 51, 366, 0),
(1302, 3, 6, 51, 555, 0),
(1303, 2, 6, 51, 429, 0),
(1304, 5, 7, 51, 302, 0),
(1305, 4, 7, 51, 278, 0),
(1306, 3, 7, 51, 406, 0),
(1307, 2, 7, 51, 769, 0),
(1308, 1, 7, 51, 603, 0),
(1309, 5, 8, 51, 302, 0),
(1310, 4, 8, 51, 795, 0),
(1311, 3, 8, 51, 61, 0),
(1312, 5, 2, 52, 843, 0),
(1313, 4, 2, 52, 603, 0),
(1314, 3, 2, 52, 556, 0),
(1315, 2, 2, 52, 962, 0),
(1316, 4, 3, 52, 429, 0),
(1317, 3, 3, 52, 191, 0),
(1318, 2, 3, 52, 556, 0),
(1319, 5, 5, 52, 603, 0),
(1320, 4, 5, 52, 429, 0),
(1321, 3, 5, 52, 962, 0),
(1322, 5, 7, 52, 166, 0),
(1323, 4, 7, 52, 539, 0),
(1324, 3, 7, 52, 400, 0),
(1325, 2, 7, 52, 741, 0),
(1326, 5, 8, 52, 384, 0),
(1327, 4, 8, 52, 666, 0),
(1328, 3, 8, 52, 962, 0),
(1329, 5, 1, 53, 407, 0),
(1330, 4, 1, 53, 587, 0),
(1331, 5, 2, 53, 920, 0),
(1332, 4, 2, 53, 128, 0),
(1333, 3, 2, 53, 587, 0),
(1334, 5, 3, 53, 225, 0),
(1335, 4, 3, 53, 266, 0),
(1336, 5, 4, 53, 587, 0),
(1337, 4, 4, 53, 419, 0),
(1338, 5, 5, 53, 407, 0),
(1339, 5, 6, 53, 711, 0),
(1340, 5, 7, 53, 640, 0),
(1341, 4, 7, 53, 268, 0),
(1342, 3, 7, 53, 149, 0),
(1343, 5, 1, 54, 75, 0),
(1344, 4, 1, 54, 790, 0),
(1345, 3, 1, 54, 477, 0),
(1346, 2, 1, 54, 843, 0),
(1347, 1, 1, 54, 419, 0),
(1348, 5, 2, 54, 843, 0),
(1349, 4, 2, 54, 603, 0),
(1350, 3, 2, 54, 419, 0),
(1351, 2, 2, 54, 407, 0),
(1352, 1, 2, 54, 540, 0),
(1353, 5, 3, 54, 429, 0),
(1354, 4, 3, 54, 290, 0),
(1355, 3, 3, 54, 944, 0),
(1356, 2, 3, 54, 289, 0),
(1357, 1, 3, 54, 218, 0),
(1358, 5, 4, 54, 105, 0),
(1359, 4, 4, 54, 177, 0),
(1360, 3, 4, 54, 391, 0),
(1361, 2, 4, 54, 419, 0),
(1362, 1, 4, 54, 226, 0),
(1363, 5, 5, 54, 749, 0),
(1364, 4, 5, 54, 540, 0),
(1365, 3, 5, 54, 98, 0),
(1366, 5, 6, 54, 285, 0),
(1367, 4, 6, 54, 511, 0),
(1368, 3, 6, 54, 143, 0),
(1369, 2, 6, 54, 97, 0),
(1370, 5, 7, 54, 268, 0),
(1371, 4, 7, 54, 871, 0),
(1372, 1, 7, 54, 138, 0),
(1373, 5, 8, 54, 184, 0),
(1374, 4, 8, 54, 748, 0),
(1375, 3, 8, 54, 456, 0),
(1376, 2, 8, 54, 868, 0),
(1377, 1, 8, 54, 214, 0),
(1378, 5, 1, 55, 355, 0),
(1379, 4, 1, 55, 622, 0),
(1380, 3, 1, 55, 377, 0),
(1381, 2, 1, 55, 516, 0),
(1382, 1, 1, 55, 91, 0),
(1383, 5, 2, 55, 603, 0),
(1384, 4, 2, 55, 962, 0),
(1385, 3, 2, 55, 705, 0),
(1386, 2, 2, 55, 479, 0),
(1387, 1, 2, 55, 26, 0),
(1388, 5, 3, 55, 372, 0),
(1389, 4, 3, 55, 158, 0),
(1390, 3, 3, 55, 511, 0),
(1391, 2, 3, 55, 487, 0),
(1392, 5, 4, 55, 694, 0),
(1393, 4, 4, 55, 937, 0),
(1394, 3, 4, 55, 722, 0),
(1395, 2, 4, 55, 195, 0),
(1396, 5, 5, 55, 41, 0),
(1397, 4, 5, 55, 485, 0),
(1398, 3, 5, 55, 947, 0),
(1399, 2, 5, 55, 354, 0),
(1400, 1, 5, 55, 289, 0),
(1401, 5, 6, 55, 603, 0),
(1402, 4, 6, 55, 384, 0),
(1403, 3, 6, 55, 521, 0),
(1404, 2, 6, 55, 195, 0),
(1405, 1, 6, 55, 163, 0),
(1406, 5, 7, 55, 603, 0),
(1407, 4, 7, 55, 545, 0),
(1408, 3, 7, 55, 268, 0),
(1409, 2, 7, 55, 530, 0),
(1410, 1, 7, 55, 801, 0),
(1411, 5, 8, 55, 384, 0),
(1412, 4, 8, 55, 584, 0),
(1413, 3, 8, 55, 326, 0),
(1414, 2, 8, 55, 940, 0),
(1415, 1, 8, 55, 603, 0),
(1416, 5, 1, 56, 55, 0),
(1417, 4, 1, 56, 479, 0),
(1418, 3, 1, 56, 465, 0),
(1419, 2, 1, 56, 167, 0),
(1420, 1, 1, 56, 375, 0),
(1421, 5, 2, 56, 962, 0),
(1422, 4, 2, 56, 375, 0),
(1423, 3, 2, 56, 925, 0),
(1424, 2, 2, 56, 419, 0),
(1425, 1, 2, 56, 551, 0),
(1426, 5, 3, 56, 543, 0),
(1427, 4, 3, 56, 255, 0),
(1428, 3, 3, 56, 167, 0),
(1429, 2, 3, 56, 276, 0),
(1430, 1, 3, 56, 551, 0),
(1431, 5, 4, 56, 255, 0),
(1432, 4, 4, 56, 972, 0),
(1433, 3, 4, 56, 962, 0),
(1434, 2, 4, 56, 419, 0),
(1435, 1, 4, 56, 551, 0),
(1436, 5, 5, 56, 962, 0),
(1437, 4, 5, 56, 255, 0),
(1438, 3, 5, 56, 419, 0),
(1439, 2, 5, 56, 358, 0),
(1440, 1, 5, 56, 925, 0),
(1441, 5, 6, 56, 962, 0),
(1442, 4, 6, 56, 551, 0),
(1443, 3, 6, 56, 375, 0),
(1444, 2, 6, 56, 167, 0),
(1445, 1, 6, 56, 419, 0),
(1446, 5, 7, 56, 720, 0),
(1447, 4, 7, 56, 603, 0),
(1448, 3, 7, 56, 406, 0),
(1449, 2, 7, 56, 350, 0),
(1450, 1, 7, 56, 833, 0),
(1451, 5, 8, 56, 55, 0),
(1452, 4, 8, 56, 925, 0),
(1453, 3, 8, 56, 549, 0),
(1454, 2, 8, 56, 465, 0),
(1455, 1, 8, 56, 720, 0),
(1456, 5, 1, 57, 944, 0),
(1457, 4, 1, 57, 338, 0),
(1458, 3, 1, 57, 843, 0),
(1459, 2, 1, 57, 289, 0),
(1460, 1, 1, 57, 587, 0),
(1461, 5, 2, 57, 843, 0),
(1462, 4, 2, 57, 911, 0),
(1463, 3, 2, 57, 720, 0),
(1464, 2, 2, 57, 603, 0),
(1465, 1, 2, 57, 384, 0),
(1466, 5, 3, 57, 911, 0),
(1467, 4, 3, 57, 500, 0),
(1468, 3, 3, 57, 925, 0),
(1469, 2, 3, 57, 347, 0),
(1470, 1, 3, 57, 108, 0),
(1471, 5, 4, 57, 130, 0),
(1472, 4, 4, 57, 561, 0),
(1473, 3, 4, 57, 85, 0),
(1474, 2, 4, 57, 358, 0),
(1475, 1, 4, 57, 962, 0),
(1476, 5, 5, 57, 202, 0),
(1477, 4, 5, 57, 260, 0),
(1478, 3, 5, 57, 740, 0),
(1479, 2, 5, 57, 754, 0),
(1480, 1, 5, 57, 521, 0),
(1481, 5, 6, 57, 587, 0),
(1482, 4, 6, 57, 202, 0),
(1483, 3, 6, 57, 276, 0),
(1484, 2, 6, 57, 264, 0),
(1485, 1, 6, 57, 52, 0),
(1486, 5, 7, 57, 354, 0),
(1487, 4, 7, 57, 282, 0),
(1488, 3, 7, 57, 773, 0),
(1489, 2, 7, 57, 903, 0),
(1490, 1, 7, 57, 939, 0),
(1491, 5, 8, 57, 75, 0),
(1492, 4, 8, 57, 965, 0),
(1493, 3, 8, 57, 260, 0),
(1494, 2, 8, 57, 183, 0),
(1495, 1, 8, 57, 866, 0),
(1496, 5, 1, 58, 720, 0),
(1497, 4, 1, 58, 843, 0),
(1498, 3, 1, 58, 338, 0),
(1499, 2, 1, 58, 578, 0),
(1500, 1, 1, 58, 783, 0),
(1501, 5, 2, 58, 844, 0),
(1502, 4, 2, 58, 911, 0),
(1503, 3, 2, 58, 287, 0),
(1504, 2, 2, 58, 326, 0),
(1505, 1, 2, 58, 720, 0),
(1506, 5, 3, 58, 843, 0),
(1507, 4, 3, 58, 911, 0),
(1508, 3, 3, 58, 126, 0),
(1509, 2, 3, 58, 287, 0),
(1510, 1, 3, 58, 98, 0),
(1511, 5, 4, 58, 206, 0),
(1512, 4, 4, 58, 376, 0),
(1513, 3, 4, 58, 648, 0),
(1514, 2, 4, 58, 884, 0),
(1515, 1, 4, 58, 255, 0),
(1516, 5, 5, 58, 287, 0),
(1517, 4, 5, 58, 911, 0),
(1518, 3, 5, 58, 107, 0),
(1519, 2, 5, 58, 206, 0),
(1520, 1, 5, 58, 884, 0),
(1521, 5, 6, 58, 720, 0),
(1522, 4, 6, 58, 911, 0),
(1523, 3, 6, 58, 287, 0),
(1524, 2, 6, 58, 98, 0),
(1525, 1, 6, 58, 206, 0),
(1526, 5, 7, 58, 268, 0),
(1527, 4, 7, 58, 604, 0),
(1528, 3, 7, 58, 18, 0),
(1529, 2, 7, 58, 540, 0),
(1530, 1, 7, 58, 720, 0),
(1531, 5, 8, 58, 268, 0),
(1532, 4, 8, 58, 962, 0),
(1533, 3, 8, 58, 584, 0),
(1534, 2, 8, 58, 720, 0),
(1535, 1, 8, 58, 9, 0),
(1536, 5, 1, 59, 9, 0),
(1537, 4, 1, 59, 306, 0),
(1538, 3, 1, 59, 55, 0),
(1539, 5, 2, 59, 962, 0),
(1540, 4, 2, 59, 393, 0),
(1541, 3, 2, 59, 958, 0),
(1542, 2, 2, 59, 9, 0),
(1543, 5, 3, 59, 596, 0),
(1544, 4, 3, 59, 876, 0),
(1545, 5, 4, 59, 958, 0),
(1546, 4, 4, 59, 561, 0),
(1547, 3, 4, 59, 962, 0),
(1548, 2, 4, 59, 306, 0),
(1549, 5, 5, 59, 900, 0),
(1550, 4, 5, 59, 958, 0),
(1551, 3, 5, 59, 30, 0),
(1552, 5, 6, 59, 466, 0),
(1553, 4, 6, 59, 254, 0),
(1554, 3, 6, 59, 592, 0),
(1555, 2, 6, 59, 813, 0),
(1556, 1, 6, 59, 845, 0),
(1557, 5, 7, 59, 229, 0),
(1558, 4, 7, 59, 679, 0),
(1559, 3, 7, 59, 523, 0),
(1560, 2, 7, 59, 539, 0),
(1561, 5, 8, 59, 19, 0),
(1562, 4, 8, 59, 679, 0),
(1563, 3, 8, 59, 84, 0),
(1564, 2, 8, 59, 9, 0),
(1565, 5, 1, 60, 962, 0),
(1566, 4, 1, 60, 720, 0),
(1567, 3, 1, 60, 419, 0),
(1568, 2, 1, 60, 186, 0),
(1569, 1, 1, 60, 760, 0),
(1570, 5, 2, 60, 962, 0),
(1571, 4, 2, 60, 843, 0),
(1572, 3, 2, 60, 393, 0),
(1573, 2, 2, 60, 464, 0),
(1574, 1, 2, 60, 596, 0),
(1575, 5, 3, 60, 309, 0),
(1576, 4, 3, 60, 596, 0),
(1577, 3, 3, 60, 451, 0),
(1578, 5, 4, 60, 338, 0),
(1579, 4, 4, 60, 521, 0),
(1580, 3, 4, 60, 587, 0),
(1581, 2, 4, 60, 670, 0),
(1582, 1, 4, 60, 962, 0),
(1583, 5, 5, 60, 801, 0),
(1584, 4, 5, 60, 603, 0),
(1585, 3, 5, 60, 464, 0),
(1586, 5, 6, 60, 801, 0),
(1587, 4, 6, 60, 309, 0),
(1588, 3, 6, 60, 191, 0),
(1589, 2, 6, 60, 338, 0),
(1590, 5, 7, 60, 282, 0),
(1591, 4, 7, 60, 801, 0),
(1592, 3, 7, 60, 406, 0),
(1593, 2, 7, 60, 87, 0),
(1594, 1, 7, 60, 681, 0),
(1595, 5, 8, 60, 183, 0),
(1596, 4, 8, 60, 734, 0),
(1597, 3, 8, 60, 720, 0),
(1598, 2, 8, 60, 962, 0),
(1599, 1, 8, 60, 680, 0),
(1600, 5, 1, 61, 18, 0),
(1601, 4, 1, 61, 328, 0),
(1602, 3, 1, 61, 393, 0),
(1603, 2, 1, 61, 325, 0),
(1604, 1, 1, 61, 843, 0),
(1605, 5, 2, 61, 596, 0),
(1606, 4, 2, 61, 9, 0),
(1607, 3, 2, 61, 325, 0),
(1608, 2, 2, 61, 328, 0),
(1609, 5, 3, 61, 18, 0),
(1610, 4, 3, 61, 596, 0),
(1611, 3, 3, 61, 325, 0),
(1612, 2, 3, 61, 225, 0),
(1613, 5, 4, 61, 601, 0),
(1614, 4, 4, 61, 464, 0),
(1615, 3, 4, 61, 958, 0),
(1616, 2, 4, 61, 225, 0),
(1617, 1, 4, 61, 856, 0),
(1618, 5, 5, 61, 325, 0),
(1619, 4, 5, 61, 601, 0),
(1620, 3, 5, 61, 603, 0),
(1621, 2, 5, 61, 9, 0),
(1622, 1, 5, 61, 464, 0),
(1623, 5, 6, 61, 18, 0),
(1624, 4, 6, 61, 705, 0),
(1625, 3, 6, 61, 603, 0),
(1626, 2, 6, 61, 322, 0),
(1627, 1, 6, 61, 587, 0),
(1628, 5, 7, 61, 268, 0),
(1629, 4, 7, 61, 523, 0),
(1630, 3, 7, 61, 539, 0),
(1631, 2, 7, 61, 406, 0),
(1632, 1, 7, 61, 603, 0),
(1633, 5, 8, 61, 482, 0),
(1634, 4, 8, 61, 405, 0),
(1635, 3, 8, 61, 718, 0),
(1636, 2, 8, 61, 74, 0),
(1637, 5, 1, 62, 962, 0),
(1638, 4, 1, 62, 839, 0),
(1639, 3, 1, 62, 9, 0),
(1640, 2, 1, 62, 820, 0),
(1641, 5, 2, 62, 962, 0),
(1642, 4, 2, 62, 839, 0),
(1643, 3, 2, 62, 603, 0),
(1644, 1, 2, 62, 127, 0),
(1645, 5, 3, 62, 18, 0),
(1646, 4, 3, 62, 384, 0),
(1647, 3, 3, 62, 596, 0),
(1648, 2, 3, 62, 361, 0),
(1649, 1, 3, 62, 688, 0),
(1650, 5, 4, 62, 603, 0),
(1651, 4, 4, 62, 841, 0),
(1652, 3, 4, 62, 901, 0),
(1653, 5, 5, 62, 603, 0),
(1654, 4, 5, 62, 958, 0),
(1655, 3, 5, 62, 900, 0),
(1656, 2, 5, 62, 481, 0),
(1657, 1, 5, 62, 9, 0),
(1658, 5, 6, 62, 705, 0),
(1659, 4, 6, 62, 839, 0),
(1660, 3, 6, 62, 18, 0),
(1661, 5, 7, 62, 603, 0),
(1662, 4, 7, 62, 350, 0),
(1663, 3, 7, 62, 282, 0),
(1664, 2, 7, 62, 41, 0),
(1665, 1, 7, 62, 931, 0),
(1666, 5, 8, 62, 384, 0),
(1667, 4, 8, 62, 56, 0),
(1668, 3, 8, 62, 62, 0),
(1669, 2, 8, 62, 302, 0),
(1670, 1, 8, 62, 805, 0),
(1671, 5, 1, 63, 843, 0),
(1672, 4, 1, 63, 962, 0),
(1673, 3, 1, 63, 273, 0),
(1674, 2, 1, 63, 689, 0),
(1675, 1, 1, 63, 115, 0),
(1676, 5, 2, 63, 843, 0),
(1677, 4, 2, 63, 962, 0),
(1678, 3, 2, 63, 441, 0),
(1679, 2, 2, 63, 230, 0),
(1680, 1, 2, 63, 320, 0),
(1681, 5, 3, 63, 962, 0),
(1682, 4, 3, 63, 710, 0),
(1683, 3, 3, 63, 394, 0),
(1684, 2, 3, 63, 689, 0),
(1685, 1, 3, 63, 453, 0),
(1686, 5, 4, 63, 273, 0),
(1687, 4, 4, 63, 924, 0),
(1688, 3, 4, 63, 816, 0),
(1689, 2, 4, 63, 259, 0),
(1690, 1, 4, 63, 230, 0),
(1691, 5, 5, 63, 320, 0),
(1692, 4, 5, 63, 689, 0),
(1693, 3, 5, 63, 76, 0),
(1694, 2, 5, 63, 9, 0),
(1695, 1, 5, 63, 202, 0),
(1696, 5, 6, 63, 68, 0),
(1697, 4, 6, 63, 320, 0),
(1698, 3, 6, 63, 962, 0),
(1699, 2, 6, 63, 689, 0),
(1700, 1, 6, 63, 175, 0),
(1701, 5, 7, 63, 656, 0),
(1702, 4, 7, 63, 320, 0),
(1703, 3, 7, 63, 613, 0),
(1704, 2, 7, 63, 260, 0),
(1705, 1, 7, 63, 183, 0),
(1706, 5, 8, 63, 748, 0),
(1707, 4, 8, 63, 689, 0),
(1708, 3, 8, 63, 962, 0),
(1709, 2, 8, 63, 320, 0),
(1710, 1, 8, 63, 326, 0),
(1711, 5, 1, 64, 734, 0),
(1712, 4, 1, 64, 456, 0),
(1713, 5, 2, 64, 384, 0),
(1714, 4, 2, 64, 669, 0),
(1715, 3, 2, 64, 592, 0),
(1716, 2, 2, 64, 919, 0),
(1717, 1, 2, 64, 98, 0),
(1718, 5, 3, 64, 708, 0),
(1719, 4, 3, 64, 583, 0),
(1720, 3, 3, 64, 669, 0),
(1721, 5, 4, 64, 350, 0),
(1722, 4, 4, 64, 962, 0),
(1723, 3, 4, 64, 26, 0),
(1724, 5, 5, 64, 273, 0),
(1725, 4, 5, 64, 405, 0),
(1726, 3, 5, 64, 887, 0),
(1727, 2, 5, 64, 540, 0),
(1728, 1, 5, 64, 255, 0),
(1729, 5, 6, 64, 874, 0),
(1730, 4, 6, 64, 9, 0),
(1731, 3, 6, 64, 644, 0),
(1732, 5, 7, 64, 167, 0),
(1733, 4, 7, 64, 522, 0),
(1734, 3, 7, 64, 509, 0),
(1735, 5, 8, 64, 661, 0),
(1736, 3, 8, 64, 350, 0),
(1737, 2, 8, 64, 887, 0),
(1738, 5, 1, 65, 75, 0),
(1739, 4, 1, 65, 720, 0),
(1740, 3, 1, 65, 79, 0),
(1741, 2, 1, 65, 320, 0),
(1742, 5, 2, 65, 962, 0),
(1743, 4, 2, 65, 540, 0),
(1744, 3, 2, 65, 229, 0),
(1745, 5, 3, 65, 877, 0),
(1746, 4, 3, 65, 720, 0),
(1747, 3, 3, 65, 429, 0),
(1748, 2, 3, 65, 468, 0),
(1749, 5, 4, 65, 450, 0),
(1750, 4, 4, 65, 923, 0),
(1751, 3, 4, 65, 848, 0),
(1752, 2, 4, 65, 689, 0),
(1753, 5, 5, 65, 240, 0),
(1754, 4, 5, 65, 269, 0),
(1755, 3, 5, 65, 689, 0),
(1756, 2, 5, 65, 219, 0),
(1757, 5, 6, 65, 456, 0),
(1758, 4, 6, 65, 837, 0),
(1759, 3, 6, 65, 429, 0),
(1760, 5, 7, 65, 312, 0),
(1761, 4, 7, 65, 603, 0),
(1762, 3, 7, 65, 432, 0),
(1763, 2, 7, 65, 320, 0),
(1764, 5, 8, 65, 589, 0),
(1765, 4, 8, 65, 184, 0),
(1766, 3, 8, 65, 456, 0),
(1767, 2, 8, 65, 229, 0),
(1768, 5, 2, 66, 26, 0),
(1769, 4, 2, 66, 210, 0),
(1770, 3, 2, 66, 464, 0),
(1771, 2, 2, 66, 540, 0),
(1772, 5, 3, 66, 18, 0),
(1773, 4, 3, 66, 26, 0),
(1774, 5, 4, 66, 958, 0),
(1775, 4, 4, 66, 67, 0),
(1776, 3, 4, 66, 962, 0),
(1777, 5, 5, 66, 26, 0),
(1778, 4, 5, 66, 393, 0),
(1779, 3, 5, 66, 911, 0),
(1780, 5, 6, 66, 18, 0),
(1781, 5, 7, 66, 728, 0),
(1782, 4, 7, 66, 207, 0),
(1783, 3, 7, 66, 406, 0),
(1784, 2, 7, 66, 603, 0),
(1785, 5, 8, 66, 229, 0),
(1786, 4, 8, 66, 113, 0),
(1787, 3, 8, 66, 962, 0),
(1788, 5, 1, 67, 720, 0),
(1789, 4, 1, 67, 843, 0),
(1790, 3, 1, 67, 147, 0),
(1791, 2, 1, 67, 75, 0),
(1792, 5, 2, 67, 843, 0),
(1793, 4, 2, 67, 9, 0),
(1794, 3, 2, 67, 893, 0),
(1795, 2, 2, 67, 587, 0),
(1796, 1, 2, 67, 419, 0),
(1797, 5, 3, 67, 384, 0),
(1798, 4, 3, 67, 603, 0),
(1799, 3, 3, 67, 596, 0),
(1800, 2, 3, 67, 18, 0),
(1801, 5, 4, 67, 682, 0),
(1802, 4, 4, 67, 199, 0),
(1803, 3, 4, 67, 622, 0),
(1804, 2, 4, 67, 603, 0),
(1805, 1, 4, 67, 622, 0),
(1806, 5, 5, 67, 543, 0),
(1807, 4, 5, 67, 333, 0),
(1808, 3, 5, 67, 603, 0),
(1809, 2, 5, 67, 384, 0),
(1810, 1, 5, 67, 583, 0),
(1811, 5, 6, 67, 199, 0),
(1812, 4, 6, 67, 157, 0),
(1813, 3, 6, 67, 813, 0),
(1814, 2, 6, 67, 596, 0),
(1815, 5, 7, 67, 543, 0),
(1816, 4, 7, 67, 141, 0),
(1817, 3, 7, 67, 773, 0),
(1818, 2, 7, 67, 384, 0),
(1819, 1, 7, 67, 539, 0),
(1820, 5, 8, 67, 183, 0),
(1821, 4, 8, 67, 381, 0),
(1822, 3, 8, 67, 918, 0),
(1823, 2, 8, 67, 825, 0),
(1824, 1, 8, 67, 729, 0),
(1825, 5, 1, 68, 255, 0),
(1826, 4, 1, 68, 720, 0),
(1827, 3, 1, 68, 419, 0),
(1828, 2, 1, 68, 534, 0),
(1829, 1, 1, 68, 256, 0),
(1830, 5, 2, 68, 736, 0),
(1831, 4, 2, 68, 843, 0),
(1832, 3, 2, 68, 9, 0),
(1833, 2, 2, 68, 436, 0),
(1834, 1, 2, 68, 819, 0),
(1835, 5, 3, 68, 515, 0),
(1836, 4, 3, 68, 255, 0),
(1837, 3, 3, 68, 596, 0),
(1838, 2, 3, 68, 419, 0),
(1839, 1, 3, 68, 276, 0),
(1840, 5, 4, 68, 563, 0),
(1841, 4, 4, 68, 578, 0),
(1842, 3, 4, 68, 395, 0),
(1843, 2, 4, 68, 827, 0),
(1844, 1, 4, 68, 651, 0),
(1845, 5, 5, 68, 962, 0),
(1846, 4, 5, 68, 421, 0),
(1847, 3, 5, 68, 946, 0),
(1848, 2, 5, 68, 345, 0),
(1849, 1, 5, 68, 194, 0),
(1850, 5, 6, 68, 152, 0),
(1851, 4, 6, 68, 801, 0),
(1852, 3, 6, 68, 540, 0),
(1853, 2, 6, 68, 183, 0),
(1854, 1, 6, 68, 54, 0),
(1855, 5, 7, 68, 268, 0),
(1856, 4, 7, 68, 406, 0),
(1857, 3, 7, 68, 442, 0),
(1858, 2, 7, 68, 794, 0),
(1859, 1, 7, 68, 155, 0),
(1860, 5, 8, 68, 255, 0),
(1861, 4, 8, 68, 720, 0),
(1862, 3, 8, 68, 186, 0),
(1863, 2, 8, 68, 9, 0),
(1864, 1, 8, 68, 551, 0),
(1865, 5, 1, 69, 11, 0),
(1866, 4, 1, 69, 843, 0),
(1867, 3, 1, 69, 603, 0),
(1868, 2, 1, 69, 384, 0),
(1869, 1, 1, 69, 760, 0),
(1870, 5, 2, 69, 843, 0),
(1871, 4, 2, 69, 384, 0),
(1872, 3, 2, 69, 603, 0),
(1873, 2, 2, 69, 753, 0),
(1874, 1, 2, 69, 36, 0),
(1875, 5, 3, 69, 451, 0),
(1876, 4, 3, 69, 911, 0),
(1877, 3, 3, 69, 287, 0),
(1878, 2, 3, 69, 354, 0),
(1879, 1, 3, 69, 843, 0),
(1880, 5, 4, 69, 720, 0),
(1881, 4, 4, 69, 75, 0),
(1882, 3, 4, 69, 551, 0),
(1883, 2, 4, 69, 384, 0),
(1884, 1, 4, 69, 603, 0),
(1885, 5, 5, 69, 839, 0),
(1886, 4, 5, 69, 393, 0),
(1887, 3, 5, 69, 844, 0),
(1888, 2, 5, 69, 384, 0),
(1889, 1, 5, 69, 603, 0),
(1890, 5, 6, 69, 225, 0),
(1891, 4, 6, 69, 408, 0),
(1892, 3, 6, 69, 581, 0),
(1893, 2, 6, 69, 839, 0),
(1894, 1, 6, 69, 56, 0),
(1895, 5, 7, 69, 301, 0),
(1896, 4, 7, 69, 164, 0),
(1897, 3, 7, 69, 332, 0),
(1898, 2, 7, 69, 354, 0),
(1899, 1, 7, 69, 9, 0),
(1900, 5, 8, 69, 164, 0),
(1901, 4, 8, 69, 354, 0),
(1902, 3, 8, 69, 9, 0),
(1903, 2, 8, 69, 584, 0),
(1904, 1, 8, 69, 720, 0),
(1905, 5, 1, 70, 95, 0),
(1906, 4, 1, 70, 169, 0),
(1907, 3, 1, 70, 654, 0),
(1908, 2, 1, 70, 581, 0),
(1909, 1, 1, 70, 527, 0),
(1910, 5, 2, 70, 958, 0),
(1911, 4, 2, 70, 543, 0),
(1912, 3, 2, 70, 292, 0),
(1913, 2, 2, 70, 584, 0),
(1914, 1, 2, 70, 445, 0),
(1915, 5, 3, 70, 665, 0),
(1916, 4, 3, 70, 562, 0),
(1917, 3, 3, 70, 27, 0),
(1918, 2, 3, 70, 523, 0),
(1919, 1, 3, 70, 57, 0),
(1920, 4, 4, 70, 620, 0),
(1921, 3, 4, 70, 839, 0),
(1922, 2, 4, 70, 160, 0),
(1923, 1, 4, 70, 491, 0),
(1924, 5, 5, 70, 393, 0),
(1925, 3, 5, 70, 608, 0),
(1926, 2, 5, 70, 839, 0),
(1927, 1, 5, 70, 603, 0),
(1928, 5, 6, 70, 567, 0),
(1929, 4, 6, 70, 520, 0),
(1930, 3, 6, 70, 484, 0),
(1931, 2, 6, 70, 642, 0),
(1932, 1, 6, 70, 527, 0),
(1933, 5, 7, 70, 610, 0),
(1934, 4, 7, 70, 301, 0),
(1935, 3, 7, 70, 207, 0),
(1936, 2, 7, 70, 452, 0),
(1937, 1, 7, 70, 790, 0),
(1938, 5, 8, 70, 497, 0),
(1939, 4, 8, 70, 531, 0),
(1940, 3, 8, 70, 590, 0),
(1941, 2, 8, 70, 780, 0),
(1942, 1, 8, 70, 498, 0),
(1943, 5, 1, 71, 9, 0),
(1944, 4, 1, 71, 962, 0),
(1945, 3, 1, 71, 866, 0),
(1946, 2, 1, 71, 202, 0),
(1947, 5, 2, 71, 962, 0),
(1948, 4, 2, 71, 354, 0),
(1949, 3, 2, 71, 441, 0),
(1950, 2, 2, 71, 452, 0),
(1951, 1, 2, 71, 843, 0),
(1952, 5, 3, 71, 596, 0),
(1953, 4, 3, 71, 801, 0),
(1954, 3, 3, 71, 962, 0),
(1955, 2, 3, 71, 147, 0),
(1956, 5, 4, 71, 958, 0),
(1957, 4, 4, 71, 105, 0),
(1958, 3, 4, 71, 199, 0),
(1959, 2, 4, 71, 183, 0),
(1960, 5, 5, 71, 199, 0),
(1961, 4, 5, 71, 962, 0),
(1962, 3, 5, 71, 354, 0),
(1963, 5, 6, 71, 9, 0),
(1964, 4, 6, 71, 651, 0),
(1965, 5, 7, 71, 603, 0),
(1966, 4, 7, 71, 807, 0),
(1967, 3, 7, 71, 968, 0),
(1968, 2, 7, 71, 301, 0),
(1969, 5, 8, 71, 384, 0),
(1970, 4, 8, 71, 184, 0),
(1971, 2, 8, 71, 301, 0),
(1972, 5, 1, 72, 352, 0),
(1973, 4, 1, 72, 199, 0),
(1974, 3, 1, 72, 26, 0),
(1975, 5, 2, 72, 962, 0),
(1976, 4, 2, 72, 603, 0),
(1977, 3, 2, 72, 26, 0),
(1978, 2, 2, 72, 587, 0),
(1979, 5, 3, 72, 18, 0),
(1980, 4, 3, 72, 26, 0),
(1981, 3, 3, 72, 39, 0),
(1982, 5, 4, 72, 958, 0),
(1983, 4, 4, 72, 536, 0),
(1984, 3, 4, 72, 948, 0),
(1985, 2, 4, 72, 521, 0),
(1986, 5, 5, 72, 105, 0),
(1987, 4, 5, 72, 199, 0),
(1988, 3, 5, 72, 603, 0),
(1989, 2, 5, 72, 958, 0),
(1990, 5, 6, 72, 962, 0),
(1991, 4, 6, 72, 26, 0),
(1992, 3, 6, 72, 727, 0),
(1993, 5, 7, 72, 207, 0),
(1994, 4, 7, 72, 282, 0),
(1995, 3, 7, 72, 267, 0),
(1996, 5, 8, 72, 183, 0),
(1997, 4, 8, 72, 786, 0),
(1998, 2, 8, 72, 260, 0),
(1999, 1, 8, 72, 907, 0),
(2000, 5, 1, 73, 720, 0),
(2001, 4, 1, 73, 888, 0),
(2002, 3, 1, 73, 347, 0),
(2003, 2, 1, 73, 326, 0),
(2004, 5, 2, 73, 596, 0),
(2005, 4, 2, 73, 255, 0),
(2006, 3, 2, 73, 962, 0),
(2007, 2, 2, 73, 143, 0),
(2008, 1, 2, 73, 98, 0),
(2009, 5, 3, 73, 596, 0),
(2010, 3, 3, 73, 511, 0),
(2011, 2, 3, 73, 501, 0),
(2012, 1, 3, 73, 167, 0),
(2013, 5, 4, 73, 255, 0),
(2014, 4, 4, 73, 958, 0),
(2015, 3, 4, 73, 233, 0),
(2016, 5, 5, 73, 513, 0),
(2017, 4, 5, 73, 154, 0),
(2018, 3, 5, 73, 143, 0),
(2019, 2, 5, 73, 384, 0),
(2020, 5, 6, 73, 501, 0),
(2021, 4, 6, 73, 216, 0),
(2022, 3, 6, 73, 793, 0),
(2023, 4, 7, 73, 229, 0),
(2024, 3, 7, 73, 428, 0),
(2025, 2, 7, 73, 539, 0),
(2026, 5, 8, 73, 143, 0),
(2027, 4, 8, 73, 184, 0),
(2028, 3, 8, 73, 584, 0),
(2029, 5, 1, 74, 316, 0),
(2030, 4, 1, 74, 437, 0),
(2031, 3, 1, 74, 455, 0),
(2032, 2, 1, 74, 458, 0),
(2033, 1, 1, 74, 191, 0),
(2034, 5, 2, 74, 843, 0),
(2035, 4, 2, 74, 9, 0),
(2036, 3, 2, 74, 437, 0),
(2037, 2, 2, 74, 186, 0),
(2038, 1, 2, 74, 887, 0),
(2039, 5, 3, 74, 429, 0),
(2040, 4, 3, 74, 245, 0),
(2041, 3, 3, 74, 819, 0),
(2042, 2, 3, 74, 596, 0),
(2043, 1, 3, 74, 891, 0),
(2044, 5, 4, 74, 887, 0),
(2045, 4, 4, 74, 609, 0),
(2046, 3, 4, 74, 273, 0),
(2047, 2, 4, 74, 202, 0),
(2048, 1, 4, 74, 105, 0),
(2049, 5, 5, 74, 596, 0),
(2050, 4, 5, 74, 202, 0),
(2051, 3, 5, 74, 603, 0),
(2052, 2, 5, 74, 748, 0),
(2053, 1, 5, 74, 246, 0),
(2054, 5, 6, 74, 891, 0),
(2055, 4, 6, 74, 691, 0),
(2056, 3, 6, 74, 795, 0),
(2057, 2, 6, 74, 146, 0),
(2058, 1, 6, 74, 458, 0),
(2059, 5, 7, 74, 539, 0),
(2060, 4, 7, 74, 406, 0),
(2061, 3, 7, 74, 312, 0),
(2062, 2, 7, 74, 282, 0),
(2063, 1, 7, 74, 603, 0),
(2064, 5, 8, 74, 887, 0),
(2065, 4, 8, 74, 229, 0),
(2066, 3, 8, 74, 381, 0),
(2067, 2, 8, 74, 384, 0),
(2068, 1, 8, 74, 734, 0),
(2069, 5, 1, 75, 843, 0),
(2070, 4, 1, 75, 511, 0),
(2071, 3, 1, 75, 136, 0),
(2072, 5, 2, 75, 944, 0),
(2073, 4, 2, 75, 285, 0),
(2074, 3, 2, 75, 98, 0),
(2075, 5, 3, 75, 596, 0),
(2076, 4, 3, 75, 503, 0),
(2077, 5, 4, 75, 587, 0),
(2078, 4, 4, 75, 958, 0),
(2079, 3, 4, 75, 186, 0),
(2080, 2, 4, 75, 884, 0),
(2081, 5, 5, 75, 958, 0),
(2082, 4, 5, 75, 9, 0),
(2083, 3, 5, 75, 274, 0),
(2084, 5, 6, 75, 596, 0),
(2085, 5, 7, 75, 603, 0),
(2086, 5, 8, 75, 456, 0),
(2087, 4, 8, 75, 384, 0),
(2088, 3, 8, 75, 708, 0),
(2089, 5, 1, 76, 450, 0),
(2090, 4, 1, 76, 306, 0),
(2091, 3, 1, 76, 566, 0),
(2092, 5, 2, 76, 587, 0),
(2093, 5, 3, 76, 708, 0),
(2094, 4, 3, 76, 9, 0),
(2095, 5, 4, 76, 958, 0),
(2096, 5, 5, 76, 354, 0),
(2097, 4, 5, 76, 629, 0),
(2098, 3, 5, 76, 587, 0),
(2099, 5, 6, 76, 290, 0),
(2100, 4, 6, 76, 795, 0),
(2101, 5, 7, 76, 519, 0),
(2102, 4, 7, 76, 406, 0),
(2103, 3, 7, 76, 603, 0),
(2104, 2, 7, 76, 190, 0),
(2105, 5, 8, 76, 384, 0),
(2106, 4, 8, 76, 584, 0),
(2107, 3, 8, 76, 229, 0),
(2108, 2, 8, 76, 405, 0),
(2109, 5, 1, 77, 843, 0),
(2110, 4, 1, 77, 944, 0),
(2111, 3, 1, 77, 760, 0),
(2112, 2, 1, 77, 556, 0),
(2113, 1, 1, 77, 708, 0),
(2114, 5, 2, 77, 843, 0),
(2115, 4, 2, 77, 763, 0),
(2116, 3, 2, 77, 784, 0),
(2117, 5, 3, 77, 192, 0),
(2118, 4, 3, 77, 118, 0),
(2119, 3, 3, 77, 723, 0),
(2120, 2, 3, 77, 818, 0),
(2121, 1, 3, 77, 361, 0),
(2122, 5, 4, 77, 958, 0),
(2123, 4, 4, 77, 521, 0),
(2124, 3, 4, 77, 258, 0),
(2125, 2, 4, 77, 622, 0),
(2126, 1, 4, 77, 357, 0),
(2127, 5, 5, 77, 384, 0),
(2128, 4, 5, 77, 622, 0),
(2129, 3, 5, 77, 326, 0),
(2130, 2, 5, 77, 958, 0),
(2131, 1, 5, 77, 703, 0),
(2132, 5, 7, 77, 335, 0),
(2133, 4, 7, 77, 301, 0),
(2134, 3, 7, 77, 333, 0),
(2135, 1, 7, 77, 282, 0),
(2136, 5, 8, 77, 584, 0),
(2137, 4, 8, 77, 384, 0),
(2138, 3, 8, 77, 720, 0),
(2139, 2, 8, 77, 703, 0),
(2140, 1, 8, 77, 183, 0),
(2141, 5, 1, 78, 543, 0),
(2142, 4, 1, 78, 720, 0),
(2143, 3, 1, 78, 651, 0),
(2144, 2, 1, 78, 551, 0),
(2145, 1, 1, 78, 456, 0);
INSERT INTO `registros` (`id_registro`, `valor`, `estimulos_id_estimulo`, `alumnos_id_alumno`, `palabras_id_palabra`, `fase`) VALUES
(2146, 5, 2, 78, 555, 0),
(2147, 4, 2, 78, 366, 0),
(2148, 3, 2, 78, 336, 0),
(2149, 5, 3, 78, 555, 0),
(2150, 4, 3, 78, 18, 0),
(2151, 5, 4, 78, 62, 0),
(2152, 4, 4, 78, 551, 0),
(2153, 3, 4, 78, 651, 0),
(2154, 2, 4, 78, 276, 0),
(2155, 5, 5, 78, 65, 0),
(2156, 4, 5, 78, 555, 0),
(2157, 3, 5, 78, 970, 0),
(2158, 5, 6, 78, 62, 0),
(2159, 4, 6, 78, 555, 0),
(2160, 3, 6, 78, 276, 0),
(2161, 2, 6, 78, 596, 0),
(2162, 1, 6, 78, 429, 0),
(2163, 5, 7, 78, 540, 0),
(2164, 4, 7, 78, 866, 0),
(2165, 3, 7, 78, 406, 0),
(2166, 5, 8, 78, 866, 0),
(2167, 4, 8, 78, 335, 0),
(2168, 3, 8, 78, 49, 0),
(2169, 2, 8, 78, 456, 0),
(2170, 1, 8, 78, 229, 0),
(2171, 5, 1, 79, 603, 0),
(2172, 4, 1, 79, 358, 0),
(2173, 3, 1, 79, 363, 0),
(2174, 2, 1, 79, 540, 0),
(2175, 1, 1, 79, 91, 0),
(2176, 5, 2, 79, 596, 0),
(2177, 4, 2, 79, 551, 0),
(2178, 5, 3, 79, 596, 0),
(2179, 4, 3, 79, 336, 0),
(2180, 3, 3, 79, 555, 0),
(2181, 2, 3, 79, 287, 0),
(2182, 1, 3, 79, 18, 0),
(2183, 5, 4, 79, 178, 0),
(2184, 4, 4, 79, 298, 0),
(2185, 3, 4, 79, 419, 0),
(2186, 5, 5, 79, 384, 0),
(2187, 4, 5, 79, 596, 0),
(2188, 3, 5, 79, 22, 0),
(2189, 5, 6, 79, 282, 0),
(2190, 4, 6, 79, 456, 0),
(2191, 3, 6, 79, 734, 0),
(2192, 2, 6, 79, 298, 0),
(2193, 5, 7, 79, 332, 0),
(2194, 4, 7, 79, 537, 0),
(2195, 3, 7, 79, 301, 0),
(2196, 2, 7, 79, 518, 0),
(2197, 1, 7, 79, 195, 0),
(2198, 5, 8, 79, 384, 0),
(2199, 4, 8, 79, 333, 0),
(2200, 3, 8, 79, 179, 0),
(2201, 2, 8, 79, 406, 0),
(2202, 1, 8, 79, 593, 0),
(2203, 5, 1, 80, 358, 0),
(2204, 4, 1, 80, 326, 0),
(2205, 3, 1, 80, 534, 0),
(2206, 2, 1, 80, 379, 0),
(2207, 1, 1, 80, 542, 0),
(2208, 5, 2, 80, 505, 0),
(2209, 4, 2, 80, 536, 0),
(2210, 3, 2, 80, 313, 0),
(2211, 2, 2, 80, 98, 0),
(2212, 1, 2, 80, 636, 0),
(2213, 5, 3, 80, 716, 0),
(2214, 4, 3, 80, 276, 0),
(2215, 3, 3, 80, 534, 0),
(2216, 2, 3, 80, 622, 0),
(2217, 1, 3, 80, 362, 0),
(2218, 5, 4, 80, 512, 0),
(2219, 4, 4, 80, 420, 0),
(2220, 3, 4, 80, 25, 0),
(2221, 2, 4, 80, 324, 0),
(2222, 1, 4, 80, 622, 0),
(2223, 5, 5, 80, 505, 0),
(2224, 4, 5, 80, 25, 0),
(2225, 3, 5, 80, 900, 0),
(2226, 2, 5, 80, 925, 0),
(2227, 1, 5, 80, 577, 0),
(2228, 5, 6, 80, 443, 0),
(2229, 4, 6, 80, 25, 0),
(2230, 3, 6, 80, 505, 0),
(2231, 2, 6, 80, 622, 0),
(2232, 1, 6, 80, 9, 0),
(2233, 5, 7, 80, 363, 0),
(2234, 4, 7, 80, 206, 0),
(2235, 3, 7, 80, 603, 0),
(2236, 2, 7, 80, 107, 0),
(2237, 1, 7, 80, 886, 0),
(2238, 5, 8, 80, 358, 0),
(2239, 4, 8, 80, 384, 0),
(2240, 3, 8, 80, 107, 0),
(2241, 2, 8, 80, 31, 0),
(2242, 1, 8, 80, 326, 0),
(2243, 5, 1, 81, 450, 0),
(2244, 4, 1, 81, 911, 0),
(2245, 3, 1, 81, 843, 0),
(2246, 2, 1, 81, 707, 0),
(2247, 1, 1, 81, 914, 0),
(2248, 5, 2, 81, 843, 0),
(2249, 4, 2, 81, 285, 0),
(2250, 3, 2, 81, 477, 0),
(2251, 2, 2, 81, 587, 0),
(2252, 1, 2, 81, 276, 0),
(2253, 5, 3, 81, 276, 0),
(2254, 4, 3, 81, 419, 0),
(2255, 3, 3, 81, 483, 0),
(2256, 2, 3, 81, 913, 0),
(2257, 5, 4, 81, 815, 0),
(2258, 4, 4, 81, 186, 0),
(2259, 3, 4, 81, 913, 0),
(2260, 2, 4, 81, 420, 0),
(2261, 1, 4, 81, 483, 0),
(2262, 5, 5, 81, 143, 0),
(2263, 4, 5, 81, 175, 0),
(2264, 3, 5, 81, 404, 0),
(2265, 2, 5, 81, 186, 0),
(2266, 1, 5, 81, 762, 0),
(2267, 5, 6, 81, 633, 0),
(2268, 4, 6, 81, 483, 0),
(2269, 3, 6, 81, 429, 0),
(2270, 2, 6, 81, 925, 0),
(2271, 1, 6, 81, 914, 0),
(2272, 5, 7, 81, 906, 0),
(2273, 4, 7, 81, 8, 0),
(2274, 3, 7, 81, 852, 0),
(2275, 2, 7, 81, 312, 0),
(2276, 1, 7, 81, 196, 0),
(2277, 5, 8, 81, 143, 0),
(2278, 4, 8, 81, 584, 0),
(2279, 3, 8, 81, 448, 0),
(2280, 2, 8, 81, 596, 0),
(2281, 1, 8, 81, 799, 0),
(2282, 5, 1, 82, 801, 0),
(2283, 4, 1, 82, 543, 0),
(2284, 3, 1, 82, 365, 0),
(2285, 2, 1, 82, 299, 0),
(2286, 1, 1, 82, 316, 0),
(2287, 5, 2, 82, 9, 0),
(2288, 4, 2, 82, 801, 0),
(2289, 3, 2, 82, 388, 0),
(2290, 2, 2, 82, 291, 0),
(2291, 1, 2, 82, 384, 0),
(2292, 5, 3, 82, 9, 0),
(2293, 4, 3, 82, 255, 0),
(2294, 3, 3, 82, 543, 0),
(2295, 2, 3, 82, 276, 0),
(2296, 1, 3, 82, 290, 0),
(2297, 5, 4, 82, 958, 0),
(2298, 4, 4, 82, 849, 0),
(2299, 3, 4, 82, 556, 0),
(2300, 2, 4, 82, 512, 0),
(2301, 1, 4, 82, 81, 0),
(2302, 5, 5, 82, 958, 0),
(2303, 4, 5, 82, 925, 0),
(2304, 3, 5, 82, 556, 0),
(2305, 2, 5, 82, 9, 0),
(2306, 5, 6, 82, 325, 0),
(2307, 4, 6, 82, 857, 0),
(2308, 3, 6, 82, 72, 0),
(2309, 2, 6, 82, 384, 0),
(2310, 1, 6, 82, 622, 0),
(2311, 5, 7, 82, 659, 0),
(2312, 4, 7, 82, 603, 0),
(2313, 3, 7, 82, 523, 0),
(2314, 2, 7, 82, 406, 0),
(2315, 5, 8, 82, 384, 0),
(2316, 4, 8, 82, 720, 0),
(2317, 3, 8, 82, 335, 0),
(2318, 2, 8, 82, 657, 0),
(2319, 1, 8, 82, 198, 0),
(2320, 5, 1, 83, 450, 0),
(2321, 4, 1, 83, 511, 0),
(2322, 3, 1, 83, 41, 0),
(2323, 2, 1, 83, 603, 0),
(2324, 1, 1, 83, 505, 0),
(2325, 5, 2, 83, 622, 0),
(2326, 4, 2, 83, 98, 0),
(2327, 3, 2, 83, 287, 0),
(2328, 2, 2, 83, 603, 0),
(2329, 1, 2, 83, 241, 0),
(2330, 5, 3, 83, 98, 0),
(2331, 4, 3, 83, 911, 0),
(2332, 2, 3, 83, 902, 0),
(2333, 1, 3, 83, 603, 0),
(2334, 5, 4, 83, 622, 0),
(2335, 4, 4, 83, 326, 0),
(2336, 3, 4, 83, 40, 0),
(2337, 2, 4, 83, 925, 0),
(2338, 1, 4, 83, 651, 0),
(2339, 5, 5, 83, 584, 0),
(2340, 4, 5, 83, 603, 0),
(2341, 3, 5, 83, 98, 0),
(2342, 2, 5, 83, 383, 0),
(2343, 1, 5, 83, 40, 0),
(2344, 5, 6, 83, 673, 0),
(2345, 4, 6, 83, 40, 0),
(2346, 3, 6, 83, 753, 0),
(2347, 2, 6, 83, 405, 0),
(2348, 1, 6, 83, 41, 0),
(2349, 5, 7, 83, 99, 0),
(2350, 4, 7, 83, 282, 0),
(2351, 3, 7, 83, 595, 0),
(2352, 2, 7, 83, 887, 0),
(2353, 1, 7, 83, 651, 0),
(2354, 5, 8, 83, 584, 0),
(2355, 4, 8, 83, 107, 0),
(2356, 3, 8, 83, 557, 0),
(2357, 2, 8, 83, 651, 0),
(2358, 1, 8, 83, 331, 0),
(2359, 5, 1, 84, 958, 0),
(2360, 4, 1, 84, 843, 0),
(2361, 3, 1, 84, 603, 0),
(2362, 2, 1, 84, 384, 0),
(2363, 1, 1, 84, 965, 0),
(2364, 5, 2, 84, 944, 0),
(2365, 4, 2, 84, 843, 0),
(2366, 3, 2, 84, 911, 0),
(2367, 2, 2, 84, 583, 0),
(2368, 1, 2, 84, 920, 0),
(2369, 5, 3, 84, 287, 0),
(2370, 4, 3, 84, 91, 0),
(2371, 3, 3, 84, 587, 0),
(2372, 2, 3, 84, 847, 0),
(2373, 1, 3, 84, 925, 0),
(2374, 5, 4, 84, 893, 0),
(2375, 4, 4, 84, 799, 0),
(2376, 3, 4, 84, 603, 0),
(2377, 2, 4, 84, 713, 0),
(2378, 1, 4, 84, 790, 0),
(2379, 5, 5, 84, 587, 0),
(2380, 4, 5, 84, 601, 0),
(2381, 3, 5, 84, 828, 0),
(2382, 2, 5, 84, 626, 0),
(2383, 5, 6, 84, 287, 0),
(2384, 4, 6, 84, 101, 0),
(2385, 3, 6, 84, 210, 0),
(2386, 2, 6, 84, 81, 0),
(2387, 5, 7, 84, 603, 0),
(2388, 4, 7, 84, 406, 0),
(2389, 3, 7, 84, 330, 0),
(2390, 2, 7, 84, 282, 0),
(2391, 1, 7, 84, 432, 0),
(2392, 5, 8, 84, 584, 0),
(2393, 4, 8, 84, 603, 0),
(2394, 3, 8, 84, 335, 0),
(2395, 2, 8, 84, 651, 0),
(2396, 1, 8, 84, 596, 0),
(2397, 5, 1, 85, 511, 0),
(2398, 4, 1, 85, 40, 0),
(2399, 5, 2, 85, 384, 0),
(2400, 4, 2, 85, 603, 0),
(2401, 3, 2, 85, 127, 0),
(2402, 2, 2, 85, 870, 0),
(2403, 1, 2, 85, 98, 0),
(2404, 5, 3, 85, 603, 0),
(2405, 4, 3, 85, 708, 0),
(2406, 3, 3, 85, 763, 0),
(2407, 2, 3, 85, 862, 0),
(2408, 1, 3, 85, 98, 0),
(2409, 5, 4, 85, 911, 0),
(2410, 4, 4, 85, 326, 0),
(2411, 3, 4, 85, 40, 0),
(2412, 2, 4, 85, 391, 0),
(2413, 1, 4, 85, 405, 0),
(2414, 5, 5, 85, 603, 0),
(2415, 4, 5, 85, 40, 0),
(2416, 3, 5, 85, 279, 0),
(2417, 2, 5, 85, 98, 0),
(2418, 1, 5, 85, 763, 0),
(2419, 5, 6, 85, 326, 0),
(2420, 4, 6, 85, 911, 0),
(2421, 3, 6, 85, 405, 0),
(2422, 2, 6, 85, 893, 0),
(2423, 1, 6, 85, 391, 0),
(2424, 5, 7, 85, 402, 0),
(2425, 4, 7, 85, 564, 0),
(2426, 3, 7, 85, 207, 0),
(2427, 2, 7, 85, 406, 0),
(2428, 1, 7, 85, 639, 0),
(2429, 5, 8, 85, 384, 0),
(2430, 4, 8, 85, 183, 0),
(2431, 3, 8, 85, 765, 0),
(2432, 2, 8, 85, 674, 0),
(2433, 1, 8, 85, 603, 0),
(2434, 5, 1, 86, 843, 0),
(2435, 4, 1, 86, 760, 0),
(2436, 3, 1, 86, 338, 0),
(2437, 2, 1, 86, 962, 0),
(2438, 1, 1, 86, 556, 0),
(2439, 5, 2, 86, 202, 0),
(2440, 4, 2, 86, 105, 0),
(2441, 3, 2, 86, 962, 0),
(2442, 2, 2, 86, 540, 0),
(2443, 5, 3, 86, 18, 0),
(2444, 4, 3, 86, 199, 0),
(2445, 3, 3, 86, 429, 0),
(2446, 2, 3, 86, 441, 0),
(2447, 1, 3, 86, 553, 0),
(2448, 5, 4, 86, 958, 0),
(2449, 4, 4, 86, 105, 0),
(2450, 3, 4, 86, 924, 0),
(2451, 2, 4, 86, 206, 0),
(2452, 5, 5, 86, 962, 0),
(2453, 4, 5, 86, 202, 0),
(2454, 3, 5, 86, 105, 0),
(2455, 2, 5, 86, 405, 0),
(2456, 1, 5, 86, 194, 0),
(2457, 5, 6, 86, 429, 0),
(2458, 4, 6, 86, 35, 0),
(2459, 3, 6, 86, 473, 0),
(2460, 2, 6, 86, 202, 0),
(2461, 1, 6, 86, 105, 0),
(2462, 5, 7, 86, 540, 0),
(2463, 4, 7, 86, 312, 0),
(2464, 3, 7, 86, 268, 0),
(2465, 2, 7, 86, 593, 0),
(2466, 1, 7, 86, 556, 0),
(2467, 5, 8, 86, 335, 0),
(2468, 4, 8, 86, 402, 0),
(2469, 3, 8, 86, 866, 0),
(2470, 2, 8, 86, 405, 0),
(2471, 5, 1, 87, 147, 0),
(2472, 4, 1, 87, 843, 0),
(2473, 3, 1, 87, 669, 0),
(2474, 5, 2, 87, 280, 0),
(2475, 4, 2, 87, 555, 0),
(2476, 3, 2, 87, 253, 0),
(2477, 5, 3, 87, 843, 0),
(2478, 4, 3, 87, 135, 0),
(2479, 3, 3, 87, 555, 0),
(2480, 2, 3, 87, 372, 0),
(2481, 5, 4, 87, 26, 0),
(2482, 4, 4, 87, 487, 0),
(2483, 3, 4, 87, 198, 0),
(2484, 4, 5, 87, 26, 0),
(2485, 3, 5, 87, 9, 0),
(2486, 5, 6, 87, 9, 0),
(2487, 5, 7, 87, 545, 0),
(2488, 5, 8, 87, 555, 0),
(2489, 4, 8, 87, 174, 0),
(2490, 2, 8, 87, 9, 0),
(2491, 5, 1, 88, 843, 0),
(2492, 4, 1, 88, 285, 0),
(2493, 3, 1, 88, 55, 0),
(2494, 5, 2, 88, 843, 0),
(2495, 4, 2, 88, 900, 0),
(2496, 3, 2, 88, 596, 0),
(2497, 2, 2, 88, 583, 0),
(2498, 5, 3, 88, 596, 0),
(2499, 4, 3, 88, 9, 0),
(2500, 5, 4, 88, 958, 0),
(2501, 4, 4, 88, 55, 0),
(2502, 3, 4, 88, 277, 0),
(2503, 5, 5, 88, 967, 0),
(2504, 4, 5, 88, 958, 0),
(2505, 3, 5, 88, 350, 0),
(2506, 5, 6, 88, 596, 0),
(2507, 4, 6, 88, 277, 0),
(2508, 3, 6, 88, 384, 0),
(2509, 2, 6, 88, 920, 0),
(2510, 1, 6, 88, 76, 0),
(2511, 5, 7, 88, 282, 0),
(2512, 4, 7, 88, 406, 0),
(2513, 3, 7, 88, 657, 0),
(2514, 5, 8, 88, 183, 0),
(2515, 4, 8, 88, 384, 0),
(2516, 3, 8, 88, 335, 0),
(2517, 2, 8, 88, 9, 0),
(2518, 1, 8, 88, 962, 0),
(2519, 5, 1, 89, 186, 0),
(2520, 4, 1, 89, 255, 0),
(2521, 3, 1, 89, 429, 0),
(2522, 5, 2, 89, 393, 0),
(2523, 4, 2, 89, 9, 0),
(2524, 3, 2, 89, 429, 0),
(2525, 2, 2, 89, 587, 0),
(2526, 5, 3, 89, 844, 0),
(2527, 4, 3, 89, 470, 0),
(2528, 3, 3, 89, 405, 0),
(2529, 2, 3, 89, 9, 0),
(2530, 5, 4, 89, 695, 0),
(2531, 4, 4, 89, 958, 0),
(2532, 5, 5, 89, 844, 0),
(2533, 4, 5, 89, 470, 0),
(2534, 3, 5, 89, 186, 0),
(2535, 5, 6, 89, 26, 0),
(2536, 5, 7, 89, 721, 0),
(2537, 4, 7, 89, 406, 0),
(2538, 3, 7, 89, 539, 0),
(2539, 5, 8, 89, 384, 0),
(2540, 5, 1, 90, 843, 0),
(2541, 4, 1, 90, 285, 0),
(2542, 3, 1, 90, 511, 0),
(2543, 2, 1, 90, 419, 0),
(2544, 1, 1, 90, 888, 0),
(2545, 5, 2, 90, 287, 0),
(2546, 4, 2, 90, 137, 0),
(2547, 3, 2, 90, 218, 0),
(2548, 2, 2, 90, 393, 0),
(2549, 5, 3, 90, 347, 0),
(2550, 4, 3, 90, 925, 0),
(2551, 3, 3, 90, 276, 0),
(2552, 2, 3, 90, 772, 0),
(2553, 1, 3, 90, 255, 0),
(2554, 5, 4, 90, 958, 0),
(2555, 4, 4, 90, 556, 0),
(2556, 3, 4, 90, 472, 0),
(2557, 5, 5, 90, 255, 0),
(2558, 4, 5, 90, 925, 0),
(2559, 3, 5, 90, 456, 0),
(2560, 2, 5, 90, 347, 0),
(2561, 1, 5, 90, 276, 0),
(2562, 5, 6, 90, 671, 0),
(2563, 4, 6, 90, 587, 0),
(2564, 3, 6, 90, 255, 0),
(2565, 2, 6, 90, 167, 0),
(2566, 1, 6, 90, 471, 0),
(2567, 5, 7, 90, 887, 0),
(2568, 4, 7, 90, 540, 0),
(2569, 3, 7, 90, 720, 0),
(2570, 2, 7, 90, 806, 0),
(2571, 1, 7, 90, 509, 0),
(2572, 5, 8, 90, 866, 0),
(2573, 4, 8, 90, 335, 0),
(2574, 3, 8, 90, 384, 0),
(2575, 2, 8, 90, 886, 0),
(2576, 1, 8, 90, 191, 0),
(2577, 5, 1, 91, 603, 0),
(2578, 4, 1, 91, 18, 0),
(2579, 3, 1, 91, 302, 0),
(2580, 5, 2, 91, 511, 0),
(2581, 4, 2, 91, 456, 0),
(2582, 3, 2, 91, 18, 0),
(2583, 2, 2, 91, 9, 0),
(2584, 5, 3, 91, 276, 0),
(2585, 4, 3, 91, 496, 0),
(2586, 3, 3, 91, 596, 0),
(2587, 5, 4, 91, 958, 0),
(2588, 4, 4, 91, 924, 0),
(2589, 3, 4, 91, 948, 0),
(2590, 2, 4, 91, 26, 0),
(2591, 1, 4, 91, 324, 0),
(2592, 5, 5, 91, 958, 0),
(2593, 5, 6, 91, 425, 0),
(2594, 4, 6, 91, 488, 0),
(2595, 3, 6, 91, 596, 0),
(2596, 5, 7, 91, 400, 0),
(2597, 4, 7, 91, 603, 0),
(2598, 3, 7, 91, 564, 0),
(2599, 2, 7, 91, 406, 0),
(2600, 1, 7, 91, 282, 0),
(2601, 5, 8, 91, 584, 0),
(2602, 4, 8, 91, 456, 0),
(2603, 3, 8, 91, 384, 0),
(2604, 2, 8, 91, 319, 0),
(2605, 5, 1, 92, 801, 0),
(2606, 4, 1, 92, 464, 0),
(2607, 3, 1, 92, 596, 0),
(2608, 2, 1, 92, 843, 0),
(2609, 1, 1, 92, 511, 0),
(2610, 5, 2, 92, 843, 0),
(2611, 4, 2, 92, 720, 0),
(2612, 3, 2, 92, 104, 0),
(2613, 2, 2, 92, 250, 0),
(2614, 1, 2, 92, 75, 0),
(2615, 5, 3, 92, 18, 0),
(2616, 4, 3, 92, 903, 0),
(2617, 3, 3, 92, 384, 0),
(2618, 2, 3, 92, 596, 0),
(2619, 1, 3, 92, 325, 0),
(2620, 5, 4, 92, 927, 0),
(2621, 4, 4, 92, 202, 0),
(2622, 3, 4, 92, 333, 0),
(2623, 2, 4, 92, 575, 0),
(2624, 1, 4, 92, 603, 0),
(2625, 5, 5, 92, 900, 0),
(2626, 4, 5, 92, 15, 0),
(2627, 3, 5, 92, 596, 0),
(2628, 1, 5, 92, 202, 0),
(2629, 5, 6, 92, 958, 0),
(2630, 4, 6, 92, 842, 0),
(2631, 3, 6, 92, 39, 0),
(2632, 2, 6, 92, 698, 0),
(2633, 1, 6, 92, 900, 0),
(2634, 5, 7, 92, 207, 0),
(2635, 4, 7, 92, 282, 0),
(2636, 3, 7, 92, 603, 0),
(2637, 5, 8, 92, 174, 0),
(2638, 4, 8, 92, 150, 0),
(2639, 1, 8, 92, 556, 0),
(2640, 5, 1, 93, 962, 0),
(2641, 4, 1, 93, 186, 0),
(2642, 3, 1, 93, 9, 0),
(2643, 5, 3, 93, 18, 0),
(2644, 4, 3, 93, 596, 0),
(2645, 5, 5, 93, 9, 0),
(2646, 4, 5, 93, 459, 0),
(2647, 5, 6, 93, 607, 0),
(2648, 5, 8, 93, 380, 0),
(2649, 5, 1, 94, 358, 0),
(2650, 4, 1, 94, 338, 0),
(2651, 3, 1, 94, 760, 0),
(2652, 2, 1, 94, 456, 0),
(2653, 1, 1, 94, 549, 0),
(2654, 5, 2, 94, 496, 0),
(2655, 4, 2, 94, 393, 0),
(2656, 3, 2, 94, 962, 0),
(2657, 2, 2, 94, 844, 0),
(2658, 1, 2, 94, 442, 0),
(2659, 5, 3, 94, 157, 0),
(2660, 4, 3, 94, 18, 0),
(2661, 3, 3, 94, 94, 0),
(2662, 2, 3, 94, 688, 0),
(2663, 1, 3, 94, 844, 0),
(2664, 4, 4, 94, 958, 0),
(2665, 3, 4, 94, 55, 0),
(2666, 2, 4, 94, 340, 0),
(2667, 1, 4, 94, 924, 0),
(2668, 5, 5, 94, 384, 0),
(2669, 4, 5, 94, 603, 0),
(2670, 2, 5, 94, 393, 0),
(2671, 1, 5, 94, 962, 0),
(2672, 5, 6, 94, 760, 0),
(2673, 4, 6, 94, 18, 0),
(2674, 3, 6, 94, 157, 0),
(2675, 2, 6, 94, 358, 0),
(2676, 1, 6, 94, 94, 0),
(2677, 5, 7, 94, 603, 0),
(2678, 4, 7, 94, 760, 0),
(2679, 3, 7, 94, 55, 0),
(2680, 2, 7, 94, 482, 0),
(2681, 5, 8, 94, 157, 0),
(2682, 4, 8, 94, 18, 0),
(2683, 3, 8, 94, 94, 0),
(2684, 2, 8, 94, 688, 0),
(2685, 1, 8, 94, 844, 0),
(2686, 5, 1, 95, 720, 0),
(2687, 4, 1, 95, 951, 0),
(2688, 3, 1, 95, 248, 0),
(2689, 2, 1, 95, 844, 0),
(2690, 1, 1, 95, 238, 0),
(2691, 5, 2, 95, 946, 0),
(2692, 4, 2, 95, 405, 0),
(2693, 3, 2, 95, 655, 0),
(2694, 5, 3, 95, 584, 0),
(2695, 4, 3, 95, 177, 0),
(2696, 3, 3, 95, 829, 0),
(2697, 2, 3, 95, 71, 0),
(2698, 1, 3, 95, 326, 0),
(2699, 5, 4, 95, 601, 0),
(2700, 4, 4, 95, 177, 0),
(2701, 3, 4, 95, 420, 0),
(2702, 2, 4, 95, 616, 0),
(2703, 1, 4, 95, 298, 0),
(2704, 5, 5, 95, 509, 0),
(2705, 4, 5, 95, 108, 0),
(2706, 3, 5, 95, 199, 0),
(2707, 2, 5, 95, 298, 0),
(2708, 1, 5, 95, 7, 0),
(2709, 5, 6, 95, 405, 0),
(2710, 4, 6, 95, 540, 0),
(2711, 3, 6, 95, 334, 0),
(2712, 2, 6, 95, 177, 0),
(2713, 1, 6, 95, 509, 0),
(2714, 5, 7, 95, 149, 0),
(2715, 4, 7, 95, 400, 0),
(2716, 3, 7, 95, 168, 0),
(2717, 2, 7, 95, 327, 0),
(2718, 1, 7, 95, 613, 0),
(2719, 5, 8, 95, 403, 0),
(2720, 4, 8, 95, 7, 0),
(2721, 3, 8, 95, 611, 0),
(2722, 2, 8, 95, 255, 0),
(2723, 1, 8, 95, 946, 0),
(2724, 5, 1, 96, 287, 0),
(2725, 4, 1, 96, 895, 0),
(2726, 3, 1, 96, 925, 0),
(2727, 2, 1, 96, 357, 0),
(2728, 1, 1, 96, 722, 0),
(2729, 5, 2, 96, 384, 0),
(2730, 4, 2, 96, 603, 0),
(2731, 3, 2, 96, 653, 0),
(2732, 2, 2, 96, 501, 0),
(2733, 1, 2, 96, 287, 0),
(2734, 5, 3, 96, 98, 0),
(2735, 4, 3, 96, 919, 0),
(2736, 3, 3, 96, 583, 0),
(2737, 2, 3, 96, 708, 0),
(2738, 1, 3, 96, 586, 0),
(2739, 5, 4, 96, 358, 0),
(2740, 4, 4, 96, 927, 0),
(2741, 3, 4, 96, 96, 0),
(2742, 2, 4, 96, 333, 0),
(2743, 1, 4, 96, 764, 0),
(2744, 5, 5, 96, 296, 0),
(2745, 4, 5, 96, 742, 0),
(2746, 3, 5, 96, 603, 0),
(2747, 2, 5, 96, 384, 0),
(2748, 1, 5, 96, 962, 0),
(2749, 5, 6, 96, 801, 0),
(2750, 4, 6, 96, 164, 0),
(2751, 3, 6, 96, 221, 0),
(2752, 2, 6, 96, 276, 0),
(2753, 1, 6, 96, 429, 0),
(2754, 5, 7, 96, 540, 0),
(2755, 4, 7, 96, 406, 0),
(2756, 3, 7, 96, 539, 0),
(2757, 2, 7, 96, 282, 0),
(2758, 1, 7, 96, 525, 0),
(2759, 5, 8, 96, 335, 0),
(2760, 4, 8, 96, 384, 0),
(2761, 3, 8, 96, 720, 0),
(2762, 2, 8, 96, 444, 0),
(2763, 1, 8, 96, 358, 0),
(2764, 5, 1, 97, 962, 0),
(2765, 4, 1, 97, 354, 0),
(2766, 3, 1, 97, 843, 0),
(2767, 2, 1, 97, 358, 0),
(2768, 1, 1, 97, 26, 0),
(2769, 5, 2, 97, 962, 0),
(2770, 4, 2, 97, 26, 0),
(2771, 3, 2, 97, 393, 0),
(2772, 5, 3, 97, 688, 0),
(2773, 4, 3, 97, 91, 0),
(2774, 3, 3, 97, 358, 0),
(2775, 2, 3, 97, 191, 0),
(2776, 1, 3, 97, 350, 0),
(2777, 5, 4, 97, 958, 0),
(2778, 4, 4, 97, 925, 0),
(2779, 3, 4, 97, 272, 0),
(2780, 2, 4, 97, 645, 0),
(2781, 1, 4, 97, 962, 0),
(2782, 5, 5, 97, 844, 0),
(2783, 4, 5, 97, 130, 0),
(2784, 3, 5, 97, 592, 0),
(2785, 2, 5, 97, 962, 0),
(2786, 1, 5, 97, 250, 0),
(2787, 5, 6, 97, 962, 0),
(2788, 4, 6, 97, 18, 0),
(2789, 3, 6, 97, 795, 0),
(2790, 2, 6, 97, 9, 0),
(2791, 5, 7, 97, 603, 0),
(2792, 4, 7, 97, 540, 0),
(2793, 3, 7, 97, 541, 0),
(2794, 2, 7, 97, 207, 0),
(2795, 1, 7, 97, 305, 0),
(2796, 5, 8, 97, 384, 0),
(2797, 4, 8, 97, 335, 0),
(2798, 3, 8, 97, 962, 0),
(2799, 2, 8, 97, 354, 0),
(2800, 1, 8, 97, 26, 0),
(2801, 5, 1, 98, 456, 0),
(2802, 4, 1, 98, 555, 0),
(2803, 3, 1, 98, 105, 0),
(2804, 2, 1, 98, 26, 0),
(2805, 5, 2, 98, 905, 0),
(2806, 4, 2, 98, 462, 0),
(2807, 5, 3, 98, 18, 0),
(2808, 4, 3, 98, 596, 0),
(2809, 3, 3, 98, 298, 0),
(2810, 5, 4, 98, 167, 0),
(2811, 4, 4, 98, 480, 0),
(2812, 5, 5, 98, 26, 0),
(2813, 4, 5, 98, 962, 0),
(2814, 5, 6, 98, 492, 0),
(2815, 4, 6, 98, 200, 0),
(2816, 3, 6, 98, 199, 0),
(2817, 2, 6, 98, 199, 0),
(2818, 5, 7, 98, 301, 0),
(2819, 4, 7, 98, 229, 0),
(2820, 3, 7, 98, 351, 0),
(2821, 2, 7, 98, 446, 0),
(2822, 5, 8, 98, 456, 0),
(2823, 4, 8, 98, 224, 0),
(2824, 3, 8, 98, 9, 0),
(2825, 5, 1, 99, 839, 0),
(2826, 4, 1, 99, 962, 0),
(2827, 3, 1, 99, 824, 0),
(2828, 2, 1, 99, 98, 0),
(2829, 1, 1, 99, 583, 0),
(2830, 5, 2, 99, 843, 0),
(2831, 4, 2, 99, 291, 0),
(2832, 3, 2, 99, 9, 0),
(2833, 2, 2, 99, 393, 0),
(2834, 1, 2, 99, 114, 0),
(2835, 5, 3, 99, 114, 0),
(2836, 4, 3, 99, 603, 0),
(2837, 3, 3, 99, 962, 0),
(2838, 2, 3, 99, 458, 0),
(2839, 1, 3, 99, 681, 0),
(2840, 5, 4, 99, 151, 0),
(2841, 4, 4, 99, 128, 0),
(2842, 3, 4, 99, 940, 0),
(2843, 2, 4, 99, 460, 0),
(2844, 5, 5, 99, 9, 0),
(2845, 4, 5, 99, 151, 0),
(2846, 3, 5, 99, 31, 0),
(2847, 2, 5, 99, 258, 0),
(2848, 1, 5, 99, 962, 0),
(2849, 5, 6, 99, 18, 0),
(2850, 4, 6, 99, 193, 0),
(2851, 3, 6, 99, 839, 0),
(2852, 2, 6, 99, 746, 0),
(2853, 5, 7, 99, 207, 0),
(2854, 4, 7, 99, 603, 0),
(2855, 3, 7, 99, 195, 0),
(2856, 2, 7, 99, 539, 0),
(2857, 1, 7, 99, 540, 0),
(2858, 5, 8, 99, 384, 0),
(2859, 4, 8, 99, 962, 0),
(2860, 3, 8, 99, 354, 0),
(2861, 2, 8, 99, 458, 0),
(2862, 1, 8, 99, 940, 0),
(2863, 5, 1, 100, 354, 0),
(2864, 4, 1, 100, 250, 0),
(2865, 3, 1, 100, 556, 0),
(2866, 2, 1, 100, 962, 0),
(2867, 5, 2, 100, 596, 0),
(2868, 4, 2, 100, 287, 0),
(2869, 3, 2, 100, 393, 0),
(2870, 5, 3, 100, 962, 0),
(2871, 4, 3, 100, 738, 0),
(2872, 3, 3, 100, 596, 0),
(2873, 5, 4, 100, 429, 0),
(2874, 4, 4, 100, 55, 0),
(2875, 3, 4, 100, 958, 0),
(2876, 2, 4, 100, 354, 0),
(2877, 5, 5, 100, 9, 0),
(2878, 4, 5, 100, 962, 0),
(2879, 5, 6, 100, 18, 0),
(2880, 4, 6, 100, 354, 0),
(2881, 3, 6, 100, 839, 0),
(2882, 5, 7, 100, 603, 0),
(2883, 4, 7, 100, 400, 0),
(2884, 3, 7, 100, 406, 0),
(2885, 2, 7, 100, 288, 0),
(2886, 1, 7, 100, 84, 0),
(2887, 5, 8, 100, 805, 0),
(2888, 3, 8, 100, 320, 0),
(2889, 2, 8, 100, 962, 0),
(2890, 5, 1, 101, 255, 0),
(2891, 4, 1, 101, 881, 0),
(2892, 3, 1, 101, 551, 0),
(2893, 2, 1, 101, 128, 0),
(2894, 5, 2, 101, 128, 0),
(2895, 4, 2, 101, 405, 0),
(2896, 3, 2, 101, 925, 0),
(2897, 2, 2, 101, 587, 0),
(2898, 5, 3, 101, 689, 0),
(2899, 4, 3, 101, 33, 0),
(2900, 3, 3, 101, 135, 0),
(2901, 2, 3, 101, 216, 0),
(2902, 1, 3, 101, 892, 0),
(2903, 5, 4, 101, 255, 0),
(2904, 4, 4, 101, 374, 0),
(2905, 3, 4, 101, 199, 0),
(2906, 2, 4, 101, 273, 0),
(2907, 1, 4, 101, 921, 0),
(2908, 5, 5, 101, 892, 0),
(2909, 4, 5, 101, 199, 0),
(2910, 3, 5, 101, 699, 0),
(2911, 5, 6, 101, 11, 0),
(2912, 4, 6, 101, 892, 0),
(2913, 3, 6, 101, 374, 0),
(2914, 2, 6, 101, 128, 0),
(2915, 5, 7, 101, 400, 0),
(2916, 4, 7, 101, 539, 0),
(2917, 3, 7, 101, 312, 0),
(2918, 5, 8, 101, 229, 0),
(2919, 4, 8, 101, 803, 0),
(2920, 3, 8, 101, 451, 0),
(2921, 2, 8, 101, 587, 0),
(2922, 5, 1, 102, 962, 0),
(2923, 4, 1, 102, 75, 0),
(2924, 3, 1, 102, 255, 0),
(2925, 2, 1, 102, 365, 0),
(2926, 1, 1, 102, 250, 0),
(2927, 5, 2, 102, 843, 0),
(2928, 4, 2, 102, 596, 0),
(2929, 3, 2, 102, 547, 0),
(2930, 2, 2, 102, 831, 0),
(2931, 1, 2, 102, 596, 0),
(2932, 5, 3, 102, 9, 0),
(2933, 4, 3, 102, 596, 0),
(2934, 3, 3, 102, 712, 0),
(2935, 2, 3, 102, 550, 0),
(2936, 1, 3, 102, 123, 0),
(2937, 5, 4, 102, 9, 0),
(2938, 4, 4, 102, 839, 0),
(2939, 3, 4, 102, 596, 0),
(2940, 2, 4, 102, 712, 0),
(2941, 5, 5, 102, 596, 0),
(2942, 4, 5, 102, 105, 0),
(2943, 3, 5, 102, 839, 0),
(2944, 2, 5, 102, 9, 0),
(2945, 1, 5, 102, 547, 0),
(2946, 5, 6, 102, 705, 0),
(2947, 4, 6, 102, 596, 0),
(2948, 3, 6, 102, 628, 0),
(2949, 2, 6, 102, 550, 0),
(2950, 1, 6, 102, 540, 0),
(2951, 5, 7, 102, 331, 0),
(2952, 4, 7, 102, 603, 0),
(2953, 3, 7, 102, 720, 0),
(2954, 2, 7, 102, 417, 0),
(2955, 1, 7, 102, 494, 0),
(2956, 5, 8, 102, 384, 0),
(2957, 4, 8, 102, 75, 0),
(2958, 3, 8, 102, 417, 0),
(2959, 2, 8, 102, 9, 0),
(2960, 5, 1, 103, 255, 0),
(2961, 4, 1, 103, 962, 0),
(2962, 3, 1, 103, 93, 0),
(2963, 2, 1, 103, 73, 0),
(2964, 1, 1, 103, 133, 0),
(2965, 5, 2, 103, 393, 0),
(2966, 4, 2, 103, 255, 0),
(2967, 3, 2, 103, 596, 0),
(2968, 2, 2, 103, 276, 0),
(2969, 1, 2, 103, 587, 0),
(2970, 5, 3, 103, 91, 0),
(2971, 4, 3, 103, 18, 0),
(2972, 3, 3, 103, 893, 0),
(2973, 2, 3, 103, 422, 0),
(2974, 1, 3, 103, 464, 0),
(2975, 5, 4, 103, 962, 0),
(2976, 4, 4, 103, 540, 0),
(2977, 3, 4, 103, 805, 0),
(2978, 2, 4, 103, 255, 0),
(2979, 1, 4, 103, 419, 0),
(2980, 5, 5, 103, 962, 0),
(2981, 4, 5, 103, 887, 0),
(2982, 3, 5, 103, 643, 0),
(2983, 5, 6, 103, 587, 0),
(2984, 4, 6, 103, 255, 0),
(2985, 3, 6, 103, 419, 0),
(2986, 5, 7, 103, 406, 0),
(2987, 4, 7, 103, 969, 0),
(2988, 3, 7, 103, 720, 0),
(2989, 2, 7, 103, 99, 0),
(2990, 1, 7, 103, 84, 0),
(2991, 5, 8, 103, 9, 0),
(2992, 4, 8, 103, 720, 0),
(2993, 3, 8, 103, 250, 0),
(2994, 2, 8, 103, 73, 0),
(2995, 1, 8, 103, 731, 0),
(2996, 3, 1, 104, 866, 0),
(2997, 2, 1, 104, 726, 0),
(2998, 1, 1, 104, 720, 0),
(2999, 5, 2, 104, 285, 0),
(3000, 4, 2, 104, 326, 0),
(3001, 3, 2, 104, 708, 0),
(3002, 2, 2, 104, 830, 0),
(3003, 1, 2, 104, 250, 0),
(3004, 5, 3, 104, 64, 0),
(3005, 4, 3, 104, 9, 0),
(3006, 2, 4, 104, 751, 0),
(3007, 5, 5, 104, 202, 0),
(3008, 4, 5, 104, 603, 0),
(3009, 5, 7, 104, 832, 0),
(3010, 4, 7, 104, 1, 0),
(3011, 3, 7, 104, 540, 0),
(3012, 2, 7, 104, 406, 0),
(3013, 5, 8, 104, 332, 0),
(3014, 4, 8, 104, 720, 0),
(3015, 2, 8, 104, 326, 0),
(3016, 5, 1, 105, 55, 0),
(3017, 4, 1, 105, 325, 0),
(3018, 3, 1, 105, 74, 0),
(3019, 5, 2, 105, 393, 0),
(3020, 4, 2, 105, 328, 0),
(3021, 3, 2, 105, 442, 0),
(3022, 2, 2, 105, 26, 0),
(3023, 1, 2, 105, 325, 0),
(3024, 5, 3, 105, 596, 0),
(3025, 5, 4, 105, 325, 0),
(3026, 4, 4, 105, 188, 0),
(3027, 3, 4, 105, 474, 0),
(3028, 2, 4, 105, 189, 0),
(3029, 3, 5, 105, 393, 0),
(3030, 2, 5, 105, 328, 0),
(3031, 1, 5, 105, 18, 0),
(3032, 5, 6, 105, 596, 0),
(3033, 5, 7, 105, 405, 0),
(3034, 4, 7, 105, 325, 0),
(3035, 5, 8, 105, 75, 0),
(3036, 4, 8, 105, 405, 0),
(3037, 5, 1, 106, 703, 0),
(3038, 4, 1, 106, 939, 0),
(3039, 3, 1, 106, 350, 0),
(3040, 2, 1, 106, 800, 0),
(3041, 1, 1, 106, 164, 0),
(3042, 5, 2, 106, 909, 0),
(3043, 4, 2, 106, 865, 0),
(3044, 3, 2, 106, 587, 0),
(3045, 2, 2, 106, 939, 0),
(3046, 1, 2, 106, 420, 0),
(3047, 5, 3, 106, 273, 0),
(3048, 5, 4, 106, 145, 0),
(3049, 4, 4, 106, 105, 0),
(3050, 3, 4, 106, 143, 0),
(3051, 2, 4, 106, 865, 0),
(3052, 1, 4, 106, 405, 0),
(3053, 5, 5, 106, 603, 0),
(3054, 4, 5, 106, 384, 0),
(3055, 3, 5, 106, 866, 0),
(3056, 5, 6, 106, 583, 0),
(3057, 4, 6, 106, 572, 0),
(3058, 3, 6, 106, 74, 0),
(3059, 2, 6, 106, 420, 0),
(3060, 5, 7, 106, 603, 0),
(3061, 3, 7, 106, 640, 0),
(3062, 5, 8, 106, 384, 0),
(3063, 4, 8, 106, 49, 0),
(3064, 5, 1, 107, 55, 0),
(3065, 4, 1, 107, 904, 0),
(3066, 5, 2, 107, 487, 0),
(3067, 4, 2, 107, 734, 0),
(3068, 3, 2, 107, 10, 0),
(3069, 2, 2, 107, 513, 0),
(3070, 5, 3, 107, 738, 0),
(3071, 4, 3, 107, 18, 0),
(3072, 3, 3, 107, 864, 0),
(3073, 2, 3, 107, 503, 0),
(3074, 5, 4, 107, 55, 0),
(3075, 4, 4, 107, 559, 0),
(3076, 3, 4, 107, 962, 0),
(3077, 5, 5, 107, 712, 0),
(3078, 4, 5, 107, 10, 0),
(3079, 3, 5, 107, 486, 0),
(3080, 2, 5, 107, 18, 0),
(3081, 1, 5, 107, 900, 0),
(3082, 5, 6, 107, 559, 0),
(3083, 5, 7, 107, 44, 0),
(3084, 5, 8, 107, 593, 0),
(3085, 4, 8, 107, 962, 0),
(3086, 3, 8, 107, 559, 0),
(3087, 5, 1, 108, 171, 0),
(3088, 4, 1, 108, 502, 0),
(3089, 3, 1, 108, 596, 0),
(3090, 2, 1, 108, 687, 0),
(3091, 1, 1, 108, 55, 0),
(3092, 5, 2, 108, 9, 0),
(3093, 4, 2, 108, 596, 0),
(3094, 3, 2, 108, 301, 0),
(3095, 2, 2, 108, 900, 0),
(3096, 1, 2, 108, 671, 0),
(3097, 5, 3, 108, 325, 0),
(3098, 4, 3, 108, 596, 0),
(3099, 3, 3, 108, 91, 0),
(3100, 2, 3, 108, 6, 0),
(3101, 1, 3, 108, 926, 0),
(3102, 5, 4, 108, 958, 0),
(3103, 4, 4, 108, 839, 0),
(3104, 3, 4, 108, 397, 0),
(3105, 5, 5, 108, 397, 0),
(3106, 4, 5, 108, 301, 0),
(3107, 3, 5, 108, 958, 0),
(3108, 2, 5, 108, 332, 0),
(3109, 1, 5, 108, 748, 0),
(3110, 5, 6, 108, 715, 0),
(3111, 4, 6, 108, 958, 0),
(3112, 3, 6, 108, 705, 0),
(3113, 2, 6, 108, 506, 0),
(3114, 1, 6, 108, 900, 0),
(3115, 5, 7, 108, 540, 0),
(3116, 3, 7, 108, 492, 0),
(3117, 2, 7, 108, 332, 0),
(3118, 1, 7, 108, 229, 0),
(3119, 5, 8, 108, 335, 0),
(3120, 4, 8, 108, 358, 0),
(3121, 3, 8, 108, 502, 0),
(3122, 2, 8, 108, 679, 0),
(3123, 1, 8, 108, 332, 0),
(3124, 5, 1, 109, 720, 0),
(3125, 4, 1, 109, 412, 0),
(3126, 3, 1, 109, 804, 0),
(3127, 2, 1, 109, 702, 0),
(3128, 1, 1, 109, 255, 0),
(3129, 5, 2, 109, 186, 0),
(3130, 4, 2, 109, 974, 0),
(3131, 3, 2, 109, 487, 0),
(3132, 2, 2, 109, 768, 0),
(3133, 1, 2, 109, 962, 0),
(3134, 5, 3, 109, 596, 0),
(3135, 4, 3, 109, 419, 0),
(3136, 3, 3, 109, 321, 0),
(3137, 5, 5, 109, 692, 0),
(3138, 4, 5, 109, 88, 0),
(3139, 3, 5, 109, 932, 0),
(3140, 2, 5, 109, 720, 0),
(3141, 1, 5, 109, 449, 0),
(3142, 5, 6, 109, 429, 0),
(3143, 4, 6, 109, 422, 0),
(3144, 3, 6, 109, 798, 0),
(3145, 2, 6, 109, 210, 0),
(3146, 1, 6, 109, 891, 0),
(3147, 5, 7, 109, 298, 0),
(3148, 4, 7, 109, 805, 0),
(3149, 3, 7, 109, 186, 0),
(3150, 2, 7, 109, 197, 0),
(3151, 5, 8, 109, 298, 0),
(3152, 4, 8, 109, 805, 0),
(3153, 3, 8, 109, 186, 0),
(3154, 5, 1, 110, 720, 0),
(3155, 4, 1, 110, 420, 0),
(3156, 3, 1, 110, 493, 0),
(3157, 2, 1, 110, 864, 0),
(3158, 1, 1, 110, 75, 0),
(3159, 5, 2, 110, 393, 0),
(3160, 4, 2, 110, 70, 0),
(3161, 3, 2, 110, 470, 0),
(3162, 2, 2, 110, 60, 0),
(3163, 1, 2, 110, 720, 0),
(3164, 5, 3, 110, 468, 0),
(3165, 4, 3, 110, 705, 0),
(3166, 3, 3, 110, 876, 0),
(3167, 2, 3, 110, 6, 0),
(3168, 1, 3, 110, 372, 0),
(3169, 5, 4, 110, 965, 0),
(3170, 4, 4, 110, 24, 0),
(3171, 3, 4, 110, 958, 0),
(3172, 2, 4, 110, 480, 0),
(3173, 1, 4, 110, 307, 0),
(3174, 5, 5, 110, 202, 0),
(3175, 4, 5, 110, 255, 0),
(3176, 3, 5, 110, 540, 0),
(3177, 2, 5, 110, 60, 0),
(3178, 1, 5, 110, 67, 0),
(3179, 5, 6, 110, 255, 0),
(3180, 4, 6, 110, 831, 0),
(3181, 3, 6, 110, 559, 0),
(3182, 2, 6, 110, 122, 0),
(3183, 1, 6, 110, 470, 0),
(3184, 5, 7, 110, 599, 0),
(3185, 4, 7, 110, 539, 0),
(3186, 3, 7, 110, 249, 0),
(3187, 2, 7, 110, 372, 0),
(3188, 1, 7, 110, 931, 0),
(3189, 5, 8, 110, 756, 0),
(3190, 4, 8, 110, 885, 0),
(3191, 3, 8, 110, 236, 0),
(3192, 2, 8, 110, 748, 0),
(3193, 1, 8, 110, 342, 0),
(3194, 5, 1, 111, 962, 0),
(3195, 4, 1, 111, 925, 0),
(3196, 3, 1, 111, 898, 0),
(3197, 2, 1, 111, 720, 0),
(3198, 1, 1, 111, 596, 0),
(3199, 5, 2, 111, 291, 0),
(3200, 4, 2, 111, 191, 0),
(3201, 3, 2, 111, 587, 0),
(3202, 2, 2, 111, 464, 0),
(3203, 1, 2, 111, 596, 0),
(3204, 5, 3, 111, 464, 0),
(3205, 4, 3, 111, 925, 0),
(3206, 3, 3, 111, 276, 0),
(3207, 2, 3, 111, 206, 0),
(3208, 1, 3, 111, 596, 0),
(3209, 5, 4, 111, 441, 0),
(3210, 4, 4, 111, 255, 0),
(3211, 3, 4, 111, 874, 0),
(3212, 2, 4, 111, 9, 0),
(3213, 1, 4, 111, 924, 0),
(3214, 5, 5, 111, 962, 0),
(3215, 4, 5, 111, 925, 0),
(3216, 3, 5, 111, 464, 0),
(3217, 2, 5, 111, 779, 0),
(3218, 5, 6, 111, 37, 0),
(3219, 4, 6, 111, 464, 0),
(3220, 3, 6, 111, 423, 0),
(3221, 2, 6, 111, 847, 0),
(3222, 1, 6, 111, 925, 0),
(3223, 5, 7, 111, 268, 0),
(3224, 4, 7, 111, 312, 0),
(3225, 3, 7, 111, 817, 0),
(3226, 2, 7, 111, 779, 0),
(3227, 1, 7, 111, 939, 0),
(3228, 5, 8, 111, 912, 0),
(3229, 4, 8, 111, 349, 0),
(3230, 3, 8, 111, 593, 0),
(3231, 2, 8, 111, 386, 0),
(3232, 1, 8, 111, 405, 0),
(3233, 5, 1, 112, 26, 0),
(3234, 4, 1, 112, 456, 0),
(3235, 3, 1, 112, 939, 0),
(3236, 2, 1, 112, 757, 0),
(3237, 1, 1, 112, 390, 0),
(3238, 5, 2, 112, 587, 0),
(3239, 4, 2, 112, 463, 0),
(3240, 3, 2, 112, 456, 0),
(3241, 2, 2, 112, 55, 0),
(3242, 1, 2, 112, 419, 0),
(3243, 5, 3, 112, 798, 0),
(3244, 4, 3, 112, 587, 0),
(3245, 3, 3, 112, 464, 0),
(3246, 2, 3, 112, 390, 0),
(3247, 1, 3, 112, 276, 0),
(3248, 5, 4, 112, 757, 0),
(3249, 4, 4, 112, 456, 0),
(3250, 3, 4, 112, 924, 0),
(3251, 2, 4, 112, 587, 0),
(3252, 1, 4, 112, 463, 0),
(3253, 5, 5, 112, 712, 0),
(3254, 4, 5, 112, 464, 0),
(3255, 3, 5, 112, 55, 0),
(3256, 2, 5, 112, 125, 0),
(3257, 1, 5, 112, 587, 0),
(3258, 5, 6, 112, 712, 0),
(3259, 4, 6, 112, 463, 0),
(3260, 3, 6, 112, 798, 0),
(3261, 2, 6, 112, 757, 0),
(3262, 1, 6, 112, 419, 0),
(3263, 5, 7, 112, 406, 0),
(3264, 4, 7, 112, 474, 0),
(3265, 3, 7, 112, 509, 0),
(3266, 2, 7, 112, 9, 0),
(3267, 1, 7, 112, 556, 0),
(3268, 5, 8, 112, 312, 0),
(3269, 4, 8, 112, 9, 0),
(3270, 3, 8, 112, 276, 0),
(3271, 2, 8, 112, 435, 0),
(3272, 1, 8, 112, 350, 0),
(3273, 5, 1, 113, 132, 0),
(3274, 4, 1, 113, 55, 0),
(3275, 3, 1, 113, 359, 0),
(3276, 2, 1, 113, 340, 0),
(3277, 1, 1, 113, 93, 0),
(3278, 5, 2, 113, 384, 0),
(3279, 4, 2, 113, 603, 0),
(3280, 3, 2, 113, 596, 0),
(3281, 2, 2, 113, 429, 0),
(3282, 1, 2, 113, 543, 0),
(3283, 5, 3, 113, 596, 0),
(3284, 4, 3, 113, 603, 0),
(3285, 5, 4, 113, 556, 0),
(3286, 4, 4, 113, 191, 0),
(3287, 3, 4, 113, 298, 0),
(3288, 2, 4, 113, 340, 0),
(3289, 1, 4, 113, 861, 0),
(3290, 5, 5, 113, 596, 0),
(3291, 4, 5, 113, 603, 0),
(3292, 3, 5, 113, 384, 0),
(3293, 2, 5, 113, 207, 0),
(3294, 1, 5, 113, 286, 0),
(3295, 5, 6, 113, 9, 0),
(3296, 4, 6, 113, 849, 0),
(3297, 3, 6, 113, 340, 0),
(3298, 2, 6, 113, 18, 0),
(3299, 1, 6, 113, 596, 0),
(3300, 5, 7, 113, 599, 0),
(3301, 4, 7, 113, 603, 0),
(3302, 3, 7, 113, 384, 0),
(3303, 2, 7, 113, 207, 0),
(3304, 1, 7, 113, 286, 0),
(3305, 5, 8, 113, 384, 0),
(3306, 4, 8, 113, 603, 0),
(3307, 3, 8, 113, 402, 0),
(3308, 2, 8, 113, 584, 0),
(3309, 1, 8, 113, 605, 0),
(3310, 5, 1, 114, 720, 0),
(3311, 4, 1, 114, 864, 0),
(3312, 3, 1, 114, 487, 0),
(3313, 2, 1, 114, 306, 0),
(3314, 1, 1, 114, 555, 0),
(3315, 5, 2, 114, 748, 0),
(3316, 4, 2, 114, 393, 0),
(3317, 3, 2, 114, 596, 0),
(3318, 2, 2, 114, 487, 0),
(3319, 1, 2, 114, 336, 0),
(3320, 5, 3, 114, 596, 0),
(3321, 4, 3, 114, 429, 0),
(3322, 3, 3, 114, 550, 0),
(3323, 2, 3, 114, 347, 0),
(3324, 1, 3, 114, 336, 0),
(3325, 5, 4, 114, 958, 0),
(3326, 4, 4, 114, 180, 0),
(3327, 3, 4, 114, 924, 0),
(3328, 2, 4, 114, 438, 0),
(3329, 1, 4, 114, 105, 0),
(3330, 5, 5, 114, 712, 0),
(3331, 4, 5, 114, 487, 0),
(3332, 3, 5, 114, 879, 0),
(3333, 2, 5, 114, 438, 0),
(3334, 1, 5, 114, 366, 0),
(3335, 5, 6, 114, 712, 0),
(3336, 4, 6, 114, 318, 0),
(3337, 3, 6, 114, 879, 0),
(3338, 2, 6, 114, 494, 0),
(3339, 1, 6, 114, 429, 0),
(3340, 5, 7, 114, 149, 0),
(3341, 3, 7, 114, 213, 0),
(3342, 2, 7, 114, 298, 0),
(3343, 1, 7, 114, 9, 0),
(3344, 5, 8, 114, 298, 0),
(3345, 4, 8, 114, 720, 0),
(3346, 3, 8, 114, 9, 0),
(3347, 2, 8, 114, 596, 0),
(3348, 1, 8, 114, 805, 0),
(3349, 5, 1, 115, 207, 0),
(3350, 4, 1, 115, 815, 0),
(3351, 3, 1, 115, 743, 0),
(3352, 2, 1, 115, 587, 0),
(3353, 1, 1, 115, 55, 0),
(3354, 5, 2, 115, 543, 0),
(3355, 4, 2, 115, 596, 0),
(3356, 3, 2, 115, 186, 0),
(3357, 2, 2, 115, 743, 0),
(3358, 1, 2, 115, 831, 0),
(3359, 5, 3, 115, 596, 0),
(3360, 4, 3, 115, 18, 0),
(3361, 3, 3, 115, 210, 0),
(3362, 2, 3, 115, 743, 0),
(3363, 1, 3, 115, 276, 0),
(3364, 5, 4, 115, 844, 0),
(3365, 4, 4, 115, 186, 0),
(3366, 2, 4, 115, 760, 0),
(3367, 1, 4, 115, 748, 0),
(3368, 5, 5, 115, 202, 0),
(3369, 4, 5, 115, 186, 0),
(3370, 3, 5, 115, 962, 0),
(3371, 2, 5, 115, 791, 0),
(3372, 1, 5, 115, 464, 0),
(3373, 5, 6, 115, 186, 0),
(3374, 4, 6, 115, 9, 0),
(3375, 3, 6, 115, 55, 0),
(3376, 1, 6, 115, 587, 0),
(3377, 5, 7, 115, 282, 0),
(3378, 4, 7, 115, 207, 0),
(3379, 3, 7, 115, 239, 0),
(3380, 2, 7, 115, 190, 0),
(3381, 1, 7, 115, 696, 0),
(3382, 5, 8, 115, 9, 0),
(3383, 4, 8, 115, 229, 0),
(3384, 3, 8, 115, 350, 0),
(3385, 2, 8, 115, 417, 0),
(3386, 1, 8, 115, 276, 0),
(3387, 5, 1, 116, 962, 0),
(3388, 4, 1, 116, 216, 0),
(3389, 3, 1, 116, 347, 0),
(3390, 2, 1, 116, 351, 0),
(3391, 1, 1, 116, 215, 0),
(3392, 5, 2, 116, 962, 0),
(3393, 4, 2, 116, 191, 0),
(3394, 3, 2, 116, 9, 0),
(3395, 2, 2, 116, 744, 0),
(3396, 5, 3, 116, 191, 0),
(3397, 4, 3, 116, 393, 0),
(3398, 3, 3, 116, 887, 0),
(3399, 2, 3, 116, 611, 0),
(3400, 1, 3, 116, 646, 0),
(3401, 5, 4, 116, 962, 0),
(3402, 4, 4, 116, 393, 0),
(3403, 3, 4, 116, 419, 0),
(3404, 2, 4, 116, 725, 0),
(3405, 1, 4, 116, 559, 0),
(3406, 5, 5, 116, 393, 0),
(3407, 4, 5, 116, 191, 0),
(3408, 3, 5, 116, 419, 0),
(3409, 2, 5, 116, 744, 0),
(3410, 1, 5, 116, 559, 0),
(3411, 5, 6, 116, 559, 0),
(3412, 4, 6, 116, 646, 0),
(3413, 3, 6, 116, 744, 0),
(3414, 2, 6, 116, 18, 0),
(3415, 1, 6, 116, 419, 0),
(3416, 5, 7, 116, 838, 0),
(3417, 4, 7, 116, 730, 0),
(3418, 3, 7, 116, 559, 0),
(3419, 2, 7, 116, 428, 0),
(3420, 5, 8, 116, 887, 0),
(3421, 4, 8, 116, 730, 0),
(3422, 3, 8, 116, 559, 0),
(3423, 2, 8, 116, 912, 0),
(3424, 1, 8, 116, 646, 0),
(3425, 5, 1, 117, 75, 0),
(3426, 4, 1, 117, 948, 0),
(3427, 3, 1, 117, 720, 0),
(3428, 2, 1, 117, 302, 0),
(3429, 1, 1, 117, 739, 0),
(3430, 5, 2, 117, 705, 0),
(3431, 4, 2, 117, 596, 0),
(3432, 3, 2, 117, 948, 0),
(3433, 2, 2, 117, 949, 0),
(3434, 1, 2, 117, 276, 0),
(3435, 5, 3, 117, 18, 0),
(3436, 4, 3, 117, 705, 0),
(3437, 3, 3, 117, 15, 0),
(3438, 2, 3, 117, 596, 0),
(3439, 1, 3, 117, 347, 0),
(3440, 5, 4, 117, 329, 0),
(3441, 4, 4, 117, 958, 0),
(3442, 3, 4, 117, 18, 0),
(3443, 2, 4, 117, 900, 0),
(3444, 1, 4, 117, 602, 0),
(3445, 5, 5, 117, 720, 0),
(3446, 4, 5, 117, 177, 0),
(3447, 3, 5, 117, 329, 0),
(3448, 2, 5, 117, 705, 0),
(3449, 1, 5, 117, 949, 0),
(3450, 5, 6, 117, 18, 0),
(3451, 4, 6, 117, 900, 0),
(3452, 3, 6, 117, 720, 0),
(3453, 2, 6, 117, 596, 0),
(3454, 1, 6, 117, 177, 0),
(3455, 5, 7, 117, 399, 0),
(3456, 4, 7, 117, 144, 0),
(3457, 2, 7, 117, 548, 0),
(3458, 1, 7, 117, 552, 0),
(3459, 5, 8, 117, 720, 0),
(3460, 4, 8, 117, 949, 0),
(3461, 3, 8, 117, 596, 0),
(3462, 2, 8, 117, 302, 0),
(3463, 1, 8, 117, 525, 0),
(3464, 5, 1, 118, 958, 0),
(3465, 4, 1, 118, 242, 0),
(3466, 3, 1, 118, 720, 0),
(3467, 2, 1, 118, 55, 0),
(3468, 1, 1, 118, 156, 0),
(3469, 5, 2, 118, 712, 0),
(3470, 4, 2, 118, 540, 0),
(3471, 2, 2, 118, 291, 0),
(3472, 1, 2, 118, 393, 0),
(3473, 5, 3, 118, 603, 0),
(3474, 4, 3, 118, 109, 0),
(3475, 3, 3, 118, 738, 0),
(3476, 2, 3, 118, 276, 0),
(3477, 5, 4, 118, 958, 0),
(3478, 4, 4, 118, 725, 0),
(3479, 3, 4, 118, 419, 0),
(3480, 2, 4, 118, 494, 0),
(3481, 1, 4, 118, 42, 0),
(3482, 5, 5, 118, 958, 0),
(3483, 4, 5, 118, 494, 0),
(3484, 3, 5, 118, 415, 0),
(3485, 2, 5, 118, 409, 0),
(3486, 1, 5, 118, 42, 0),
(3487, 5, 6, 118, 9, 0),
(3488, 4, 6, 118, 18, 0),
(3489, 3, 6, 118, 712, 0),
(3490, 2, 6, 118, 908, 0),
(3491, 1, 6, 118, 177, 0),
(3492, 5, 7, 118, 400, 0),
(3493, 4, 7, 118, 539, 0),
(3494, 3, 7, 118, 406, 0),
(3495, 2, 7, 118, 354, 0),
(3496, 1, 7, 118, 603, 0),
(3497, 5, 8, 118, 584, 0),
(3498, 4, 8, 118, 866, 0),
(3499, 3, 8, 118, 494, 0),
(3500, 2, 8, 118, 229, 0),
(3501, 1, 8, 118, 795, 0),
(3502, 5, 1, 119, 843, 0),
(3503, 4, 1, 119, 770, 0),
(3504, 3, 1, 119, 121, 0),
(3505, 2, 1, 119, 810, 0),
(3506, 1, 1, 119, 193, 0),
(3507, 5, 2, 119, 596, 0),
(3508, 4, 2, 119, 843, 0),
(3509, 3, 2, 119, 911, 0),
(3510, 2, 2, 119, 414, 0),
(3511, 1, 2, 119, 596, 0),
(3512, 5, 3, 119, 389, 0),
(3513, 4, 3, 119, 573, 0),
(3514, 3, 3, 119, 392, 0),
(3515, 2, 3, 119, 893, 0),
(3516, 1, 3, 119, 596, 0),
(3517, 5, 4, 119, 555, 0),
(3518, 3, 4, 119, 456, 0),
(3519, 2, 4, 119, 191, 0),
(3520, 5, 5, 119, 697, 0),
(3521, 4, 5, 119, 692, 0),
(3522, 3, 5, 119, 555, 0),
(3523, 2, 5, 119, 415, 0),
(3524, 1, 5, 119, 494, 0),
(3525, 5, 6, 119, 555, 0),
(3526, 4, 6, 119, 429, 0),
(3527, 3, 6, 119, 908, 0),
(3528, 2, 6, 119, 414, 0),
(3529, 1, 6, 119, 193, 0),
(3530, 5, 7, 119, 603, 0),
(3531, 4, 7, 119, 331, 0),
(3532, 3, 7, 119, 432, 0),
(3533, 2, 7, 119, 282, 0),
(3534, 1, 7, 119, 552, 0),
(3535, 5, 8, 119, 49, 0),
(3536, 4, 8, 119, 381, 0),
(3537, 3, 8, 119, 437, 0),
(3538, 2, 8, 119, 541, 0),
(3539, 1, 8, 119, 229, 0),
(3540, 5, 1, 120, 358, 0),
(3541, 4, 1, 120, 91, 0),
(3542, 3, 1, 120, 243, 0),
(3543, 2, 1, 120, 82, 0),
(3544, 1, 1, 120, 417, 0),
(3545, 5, 2, 120, 712, 0),
(3546, 4, 2, 120, 429, 0),
(3547, 3, 2, 120, 962, 0),
(3548, 2, 2, 120, 958, 0),
(3549, 1, 2, 120, 684, 0),
(3550, 5, 3, 120, 596, 0),
(3551, 4, 3, 120, 289, 0),
(3552, 3, 3, 120, 92, 0),
(3553, 2, 3, 120, 606, 0),
(3554, 1, 3, 120, 403, 0),
(3555, 5, 4, 120, 958, 0),
(3556, 4, 4, 120, 684, 0),
(3557, 3, 4, 120, 617, 0),
(3558, 2, 4, 120, 976, 0),
(3559, 1, 4, 120, 419, 0),
(3560, 5, 5, 120, 712, 0),
(3561, 4, 5, 120, 958, 0),
(3562, 2, 5, 120, 329, 0),
(3563, 1, 5, 120, 360, 0),
(3564, 5, 6, 120, 289, 0),
(3565, 4, 6, 120, 596, 0),
(3566, 3, 6, 120, 962, 0),
(3567, 2, 6, 120, 358, 0),
(3568, 1, 6, 120, 771, 0),
(3569, 5, 7, 120, 417, 0),
(3570, 4, 7, 120, 406, 0),
(3571, 3, 7, 120, 373, 0),
(3572, 2, 7, 120, 724, 0),
(3573, 1, 7, 120, 885, 0),
(3574, 5, 8, 120, 417, 0),
(3575, 4, 8, 120, 456, 0),
(3576, 3, 8, 120, 556, 0),
(3577, 2, 8, 120, 659, 0),
(3578, 1, 8, 120, 243, 0),
(3579, 5, 1, 121, 9, 0),
(3580, 4, 1, 121, 720, 0),
(3581, 3, 1, 121, 556, 0),
(3582, 2, 1, 121, 587, 0),
(3583, 1, 1, 121, 482, 0),
(3584, 5, 2, 121, 556, 0),
(3585, 4, 2, 121, 587, 0),
(3586, 3, 2, 121, 688, 0),
(3587, 2, 2, 121, 9, 0),
(3588, 1, 2, 121, 482, 0),
(3589, 5, 3, 121, 18, 0),
(3590, 4, 3, 121, 688, 0),
(3591, 3, 3, 121, 9, 0),
(3592, 2, 3, 121, 587, 0),
(3593, 1, 3, 121, 772, 0),
(3594, 5, 4, 121, 587, 0),
(3595, 4, 4, 121, 34, 0),
(3596, 3, 4, 121, 958, 0),
(3597, 2, 4, 121, 419, 0),
(3598, 1, 4, 121, 924, 0),
(3599, 5, 5, 121, 393, 0),
(3600, 4, 5, 121, 587, 0),
(3601, 3, 5, 121, 772, 0),
(3602, 2, 5, 121, 9, 0),
(3603, 1, 5, 121, 688, 0),
(3604, 5, 6, 121, 9, 0),
(3605, 4, 6, 121, 482, 0),
(3606, 3, 6, 121, 273, 0),
(3607, 2, 6, 121, 556, 0),
(3608, 1, 6, 121, 720, 0),
(3609, 5, 7, 121, 268, 0),
(3610, 4, 7, 121, 887, 0),
(3611, 3, 7, 121, 645, 0),
(3612, 2, 7, 121, 428, 0),
(3613, 1, 7, 121, 720, 0),
(3614, 5, 8, 121, 298, 0),
(3615, 4, 8, 121, 887, 0),
(3616, 3, 8, 121, 482, 0),
(3617, 2, 8, 121, 176, 0),
(3618, 1, 8, 121, 772, 0),
(3619, 5, 1, 122, 962, 0),
(3620, 4, 1, 122, 930, 0),
(3621, 3, 1, 122, 720, 0),
(3622, 2, 1, 122, 942, 0),
(3623, 5, 2, 122, 965, 0),
(3624, 4, 2, 122, 234, 0),
(3625, 3, 2, 122, 405, 0),
(3626, 2, 2, 122, 785, 0),
(3627, 1, 2, 122, 175, 0),
(3628, 5, 3, 122, 18, 0),
(3629, 4, 3, 122, 630, 0),
(3630, 3, 3, 122, 962, 0),
(3631, 2, 3, 122, 748, 0),
(3632, 1, 3, 122, 596, 0),
(3633, 5, 4, 122, 962, 0),
(3634, 4, 4, 122, 720, 0),
(3635, 3, 4, 122, 482, 0),
(3636, 2, 4, 122, 847, 0),
(3637, 1, 4, 122, 116, 0),
(3638, 5, 5, 122, 962, 0),
(3639, 4, 5, 122, 638, 0),
(3640, 3, 5, 122, 433, 0),
(3641, 2, 5, 122, 295, 0),
(3642, 1, 5, 122, 662, 0),
(3643, 5, 6, 122, 962, 0),
(3644, 4, 6, 122, 9, 0),
(3645, 3, 6, 122, 638, 0),
(3646, 2, 6, 122, 235, 0),
(3647, 1, 6, 122, 890, 0),
(3648, 5, 7, 122, 251, 0),
(3649, 4, 7, 122, 637, 0),
(3650, 3, 7, 122, 337, 0),
(3651, 2, 7, 122, 354, 0),
(3652, 1, 7, 122, 664, 0),
(3653, 5, 8, 122, 251, 0),
(3654, 4, 8, 122, 585, 0),
(3655, 3, 8, 122, 637, 0),
(3656, 2, 8, 122, 183, 0),
(3657, 1, 8, 122, 502, 0),
(3658, 5, 1, 123, 572, 0),
(3659, 4, 1, 123, 191, 0),
(3660, 3, 1, 123, 350, 0),
(3661, 2, 1, 123, 9, 0),
(3662, 1, 1, 123, 510, 0),
(3663, 5, 2, 123, 603, 0),
(3664, 4, 2, 123, 384, 0),
(3665, 3, 2, 123, 98, 0),
(3666, 2, 2, 123, 851, 0),
(3667, 1, 2, 123, 199, 0),
(3668, 5, 3, 123, 18, 0),
(3669, 4, 3, 123, 792, 0),
(3670, 3, 3, 123, 596, 0),
(3671, 2, 3, 123, 91, 0),
(3672, 5, 4, 123, 390, 0),
(3673, 4, 4, 123, 298, 0),
(3674, 3, 4, 123, 747, 0),
(3675, 2, 4, 123, 853, 0),
(3676, 1, 4, 123, 551, 0),
(3677, 5, 5, 123, 384, 0),
(3678, 4, 5, 123, 603, 0),
(3679, 3, 5, 123, 919, 0),
(3680, 2, 5, 123, 98, 0),
(3681, 1, 5, 123, 390, 0),
(3682, 5, 6, 123, 20, 0),
(3683, 4, 6, 123, 747, 0),
(3684, 3, 6, 123, 499, 0),
(3685, 2, 6, 123, 925, 0),
(3686, 5, 7, 123, 696, 0),
(3687, 4, 7, 123, 523, 0),
(3688, 3, 7, 123, 401, 0),
(3689, 2, 7, 123, 406, 0),
(3690, 1, 7, 123, 94, 0),
(3691, 5, 8, 123, 685, 0),
(3692, 4, 8, 123, 696, 0),
(3693, 3, 8, 123, 650, 0),
(3694, 2, 8, 123, 907, 0),
(3695, 1, 8, 123, 853, 0),
(3696, 5, 1, 124, 10, 0),
(3697, 4, 1, 124, 384, 0),
(3698, 2, 1, 124, 622, 0),
(3699, 1, 1, 124, 62, 0),
(3700, 5, 2, 124, 622, 0),
(3701, 4, 2, 124, 583, 0),
(3702, 3, 2, 124, 98, 0),
(3703, 2, 2, 124, 137, 0),
(3704, 1, 2, 124, 62, 0),
(3705, 5, 3, 124, 354, 0),
(3706, 4, 3, 124, 603, 0),
(3707, 3, 3, 124, 919, 0),
(3708, 2, 3, 124, 326, 0),
(3709, 1, 3, 124, 62, 0),
(3710, 5, 4, 124, 46, 0),
(3711, 4, 4, 124, 98, 0),
(3712, 3, 4, 124, 501, 0),
(3713, 2, 4, 124, 287, 0),
(3714, 1, 4, 124, 62, 0),
(3715, 5, 5, 124, 384, 0),
(3716, 4, 5, 124, 603, 0),
(3717, 3, 5, 124, 919, 0),
(3718, 2, 5, 124, 287, 0),
(3719, 1, 5, 124, 911, 0),
(3720, 5, 6, 124, 62, 0),
(3721, 4, 6, 124, 384, 0),
(3722, 3, 6, 124, 597, 0),
(3723, 2, 6, 124, 356, 0),
(3724, 1, 6, 124, 202, 0),
(3725, 5, 7, 124, 610, 0),
(3726, 4, 7, 124, 808, 0),
(3727, 3, 7, 124, 343, 0),
(3728, 2, 7, 124, 535, 0),
(3729, 1, 7, 124, 676, 0),
(3730, 5, 8, 124, 414, 0),
(3731, 4, 8, 124, 809, 0),
(3732, 3, 8, 124, 678, 0),
(3733, 2, 8, 124, 966, 0),
(3734, 1, 8, 124, 185, 0),
(3735, 5, 1, 125, 962, 0),
(3736, 4, 1, 125, 720, 0),
(3737, 3, 1, 125, 948, 0),
(3738, 2, 1, 125, 171, 0),
(3739, 1, 1, 125, 419, 0),
(3740, 5, 2, 125, 962, 0),
(3741, 4, 2, 125, 9, 0),
(3742, 3, 2, 125, 429, 0),
(3743, 2, 2, 125, 944, 0),
(3744, 1, 2, 125, 338, 0),
(3745, 5, 3, 125, 447, 0),
(3746, 4, 3, 125, 948, 0),
(3747, 3, 3, 125, 596, 0),
(3748, 2, 3, 125, 429, 0),
(3749, 1, 3, 125, 475, 0),
(3750, 5, 4, 125, 958, 0),
(3751, 4, 4, 125, 603, 0),
(3752, 3, 4, 125, 622, 0),
(3753, 2, 4, 125, 658, 0),
(3754, 1, 4, 125, 826, 0),
(3755, 5, 5, 125, 223, 0),
(3756, 4, 5, 125, 581, 0),
(3757, 3, 5, 125, 173, 0),
(3758, 2, 5, 125, 945, 0),
(3759, 1, 5, 125, 915, 0),
(3760, 5, 6, 125, 539, 0),
(3761, 4, 6, 125, 419, 0),
(3762, 3, 6, 125, 948, 0),
(3763, 2, 6, 125, 908, 0),
(3764, 1, 6, 125, 177, 0),
(3765, 5, 7, 125, 539, 0),
(3766, 4, 7, 125, 406, 0),
(3767, 3, 7, 125, 207, 0),
(3768, 2, 7, 125, 778, 0),
(3769, 1, 7, 125, 938, 0),
(3770, 5, 8, 125, 229, 0),
(3771, 4, 8, 125, 720, 0),
(3772, 3, 8, 125, 350, 0),
(3773, 2, 8, 125, 128, 0),
(3774, 1, 8, 125, 584, 0),
(3775, 5, 1, 126, 843, 0),
(3776, 4, 1, 126, 962, 0),
(3777, 3, 1, 126, 603, 0),
(3778, 2, 1, 126, 973, 0),
(3779, 1, 1, 126, 720, 0),
(3780, 5, 2, 126, 843, 0),
(3781, 4, 2, 126, 603, 0),
(3782, 3, 2, 126, 962, 0),
(3783, 2, 2, 126, 157, 0),
(3784, 1, 2, 126, 291, 0),
(3785, 5, 3, 126, 603, 0),
(3786, 4, 3, 126, 487, 0),
(3787, 3, 3, 126, 429, 0),
(3788, 2, 3, 126, 596, 0),
(3789, 1, 3, 126, 887, 0),
(3790, 5, 4, 126, 924, 0),
(3791, 4, 4, 126, 745, 0),
(3792, 3, 4, 126, 273, 0),
(3793, 2, 4, 126, 5, 0),
(3794, 1, 4, 126, 374, 0),
(3795, 5, 5, 126, 920, 0),
(3796, 3, 5, 126, 464, 0),
(3797, 2, 5, 126, 603, 0),
(3798, 1, 5, 126, 516, 0),
(3799, 5, 6, 126, 873, 0),
(3800, 4, 6, 126, 900, 0),
(3801, 3, 6, 126, 596, 0),
(3802, 2, 6, 126, 962, 0),
(3803, 1, 6, 126, 603, 0),
(3804, 5, 7, 126, 406, 0),
(3805, 4, 7, 126, 207, 0),
(3806, 3, 7, 126, 801, 0),
(3807, 2, 7, 126, 599, 0),
(3808, 1, 7, 126, 773, 0),
(3809, 5, 8, 126, 198, 0),
(3810, 4, 8, 126, 398, 0),
(3811, 3, 8, 126, 962, 0),
(3812, 2, 8, 126, 26, 0),
(3813, 1, 8, 126, 888, 0),
(3814, 5, 1, 127, 962, 0),
(3815, 4, 1, 127, 73, 0),
(3816, 3, 1, 127, 464, 0),
(3817, 2, 1, 127, 587, 0),
(3818, 1, 1, 127, 354, 0),
(3819, 5, 2, 127, 962, 0),
(3820, 4, 2, 127, 587, 0),
(3821, 3, 2, 127, 831, 0),
(3822, 2, 2, 127, 33, 0),
(3823, 1, 2, 127, 28, 0),
(3824, 5, 3, 127, 587, 0),
(3825, 4, 3, 127, 429, 0),
(3826, 3, 3, 127, 18, 0),
(3827, 2, 3, 127, 689, 0),
(3828, 1, 3, 127, 551, 0),
(3829, 5, 4, 127, 900, 0),
(3830, 4, 4, 127, 73, 0),
(3831, 3, 4, 127, 186, 0),
(3832, 2, 4, 127, 977, 0),
(3833, 1, 4, 127, 587, 0),
(3834, 5, 5, 127, 62, 0),
(3835, 4, 5, 127, 514, 0),
(3836, 3, 5, 127, 964, 0),
(3837, 2, 5, 127, 216, 0),
(3838, 1, 5, 127, 220, 0),
(3839, 5, 6, 127, 771, 0),
(3840, 4, 6, 127, 33, 0),
(3841, 3, 6, 127, 587, 0),
(3842, 2, 6, 127, 464, 0),
(3843, 1, 6, 127, 28, 0),
(3844, 5, 7, 127, 603, 0),
(3845, 4, 7, 127, 262, 0),
(3846, 3, 7, 127, 539, 0),
(3847, 2, 7, 127, 406, 0),
(3848, 1, 7, 127, 706, 0),
(3849, 5, 8, 127, 358, 0),
(3850, 4, 8, 127, 9, 0),
(3851, 3, 8, 127, 529, 0),
(3852, 2, 8, 127, 350, 0),
(3853, 1, 8, 127, 962, 0),
(3854, 5, 1, 128, 962, 0),
(3855, 4, 1, 128, 229, 0),
(3856, 3, 1, 128, 566, 0),
(3857, 2, 1, 128, 207, 0),
(3858, 1, 1, 128, 179, 0),
(3859, 5, 2, 128, 524, 0),
(3860, 4, 2, 128, 483, 0),
(3861, 3, 2, 128, 393, 0),
(3862, 2, 2, 128, 946, 0),
(3863, 1, 2, 128, 442, 0),
(3864, 5, 3, 128, 596, 0),
(3865, 4, 3, 128, 255, 0),
(3866, 3, 3, 128, 782, 0),
(3867, 2, 3, 128, 884, 0),
(3868, 5, 4, 128, 333, 0),
(3869, 4, 4, 128, 601, 0),
(3870, 3, 4, 128, 255, 0),
(3871, 2, 4, 128, 913, 0),
(3872, 1, 4, 128, 924, 0),
(3873, 5, 5, 128, 961, 0),
(3874, 4, 5, 128, 603, 0),
(3875, 3, 5, 128, 911, 0),
(3876, 2, 5, 128, 326, 0),
(3877, 1, 5, 128, 98, 0),
(3878, 5, 6, 128, 517, 0),
(3879, 4, 6, 128, 325, 0),
(3880, 3, 6, 128, 962, 0),
(3881, 2, 6, 128, 464, 0),
(3882, 1, 6, 128, 603, 0),
(3883, 5, 7, 128, 282, 0),
(3884, 4, 7, 128, 801, 0),
(3885, 3, 7, 128, 523, 0),
(3886, 2, 7, 128, 603, 0),
(3887, 1, 7, 128, 696, 0),
(3888, 5, 8, 128, 183, 0),
(3889, 4, 8, 128, 866, 0),
(3890, 3, 8, 128, 384, 0),
(3891, 2, 8, 128, 603, 0),
(3892, 1, 8, 128, 696, 0),
(3893, 5, 1, 129, 18, 0),
(3894, 4, 1, 129, 75, 0),
(3895, 3, 1, 129, 556, 0),
(3896, 2, 1, 129, 720, 0),
(3897, 1, 1, 129, 578, 0),
(3898, 5, 2, 129, 843, 0),
(3899, 4, 2, 129, 91, 0),
(3900, 3, 2, 129, 206, 0),
(3901, 2, 2, 129, 276, 0),
(3902, 1, 2, 129, 884, 0),
(3903, 5, 3, 129, 596, 0),
(3904, 4, 3, 129, 328, 0),
(3905, 3, 3, 129, 276, 0),
(3906, 2, 3, 129, 60, 0),
(3907, 1, 3, 129, 47, 0),
(3908, 5, 4, 129, 540, 0),
(3909, 4, 4, 129, 725, 0),
(3910, 3, 4, 129, 358, 0),
(3911, 2, 4, 129, 556, 0),
(3912, 1, 4, 129, 760, 0),
(3913, 5, 5, 129, 393, 0),
(3914, 4, 5, 129, 429, 0),
(3915, 3, 5, 129, 9, 0),
(3916, 2, 5, 129, 454, 0),
(3917, 1, 5, 129, 958, 0),
(3918, 5, 6, 129, 971, 0),
(3919, 4, 6, 129, 325, 0),
(3920, 3, 6, 129, 98, 0),
(3921, 2, 6, 129, 596, 0),
(3922, 1, 6, 129, 760, 0),
(3923, 5, 7, 129, 720, 0),
(3924, 4, 7, 129, 402, 0),
(3925, 3, 7, 129, 801, 0),
(3926, 2, 7, 129, 9, 0),
(3927, 1, 7, 129, 75, 0),
(3928, 5, 8, 129, 75, 0),
(3929, 4, 8, 129, 9, 0),
(3930, 3, 8, 129, 720, 0),
(3931, 2, 8, 129, 140, 0),
(3932, 1, 8, 129, 26, 0),
(3933, 5, 1, 130, 556, 0),
(3934, 4, 1, 130, 962, 0),
(3935, 3, 1, 130, 925, 0),
(3936, 2, 1, 130, 419, 0),
(3937, 1, 1, 130, 211, 0),
(3938, 5, 2, 130, 603, 0),
(3939, 4, 2, 130, 363, 0),
(3940, 3, 2, 130, 29, 0),
(3941, 2, 2, 130, 540, 0),
(3942, 1, 2, 130, 839, 0),
(3943, 5, 3, 130, 603, 0),
(3944, 4, 3, 130, 98, 0),
(3945, 3, 3, 130, 596, 0),
(3946, 2, 3, 130, 970, 0),
(3947, 1, 3, 130, 592, 0),
(3948, 5, 4, 130, 962, 0),
(3949, 4, 4, 130, 924, 0),
(3950, 3, 4, 130, 556, 0),
(3951, 2, 4, 130, 881, 0),
(3952, 1, 4, 130, 925, 0),
(3953, 5, 5, 130, 592, 0),
(3954, 4, 5, 130, 429, 0),
(3955, 3, 5, 130, 365, 0),
(3956, 2, 5, 130, 540, 0),
(3957, 1, 5, 130, 970, 0),
(3958, 5, 6, 130, 18, 0),
(3959, 4, 6, 130, 429, 0),
(3960, 3, 6, 130, 350, 0),
(3961, 2, 6, 130, 9, 0),
(3962, 1, 6, 130, 652, 0),
(3963, 5, 7, 130, 603, 0),
(3964, 4, 7, 130, 222, 0),
(3965, 3, 7, 130, 427, 0),
(3966, 2, 7, 130, 384, 0),
(3967, 1, 7, 130, 406, 0),
(3968, 5, 8, 130, 384, 0),
(3969, 4, 8, 130, 584, 0),
(3970, 3, 8, 130, 93, 0),
(3971, 2, 8, 130, 887, 0),
(3972, 1, 8, 130, 464, 0),
(3973, 5, 1, 131, 811, 0),
(3974, 4, 1, 131, 958, 0),
(3975, 3, 1, 131, 928, 0),
(3976, 2, 1, 131, 828, 0),
(3977, 1, 1, 131, 757, 0),
(3978, 5, 2, 131, 464, 0),
(3979, 4, 2, 131, 317, 0),
(3980, 3, 2, 131, 124, 0),
(3981, 2, 2, 131, 336, 0),
(3982, 1, 2, 131, 65, 0),
(3983, 5, 3, 131, 109, 0),
(3984, 4, 3, 131, 587, 0),
(3985, 3, 3, 131, 276, 0),
(3986, 2, 3, 131, 124, 0),
(3987, 1, 3, 131, 390, 0),
(3988, 5, 4, 131, 924, 0),
(3989, 4, 4, 131, 958, 0),
(3990, 3, 4, 131, 761, 0),
(3991, 2, 4, 131, 725, 0),
(3992, 1, 4, 131, 533, 0),
(3993, 5, 5, 131, 587, 0),
(3994, 4, 5, 131, 464, 0),
(3995, 3, 5, 131, 534, 0),
(3996, 2, 5, 131, 362, 0),
(3997, 1, 5, 131, 396, 0),
(3998, 5, 6, 131, 204, 0),
(3999, 4, 6, 131, 713, 0),
(4000, 3, 6, 131, 65, 0),
(4001, 2, 6, 131, 766, 0),
(4002, 1, 6, 131, 757, 0),
(4003, 5, 7, 131, 906, 0),
(4004, 4, 7, 131, 312, 0),
(4005, 3, 7, 131, 229, 0),
(4006, 2, 7, 131, 456, 0),
(4007, 1, 7, 131, 224, 0),
(4008, 5, 8, 131, 906, 0),
(4009, 4, 8, 131, 463, 0),
(4010, 3, 8, 131, 9, 0),
(4011, 2, 8, 131, 536, 0),
(4012, 1, 8, 131, 809, 0),
(4013, 5, 1, 132, 429, 0),
(4014, 4, 1, 132, 958, 0),
(4015, 3, 1, 132, 900, 0),
(4016, 2, 1, 132, 964, 0),
(4017, 5, 2, 132, 603, 0),
(4018, 4, 2, 132, 384, 0),
(4019, 3, 2, 132, 369, 0),
(4020, 2, 2, 132, 900, 0),
(4021, 5, 3, 132, 358, 0),
(4022, 4, 3, 132, 596, 0),
(4023, 3, 3, 132, 479, 0),
(4024, 5, 4, 132, 900, 0),
(4025, 4, 4, 132, 958, 0),
(4026, 3, 4, 132, 429, 0),
(4027, 5, 5, 132, 958, 0),
(4028, 4, 5, 132, 202, 0),
(4029, 3, 5, 132, 276, 0),
(4030, 2, 5, 132, 596, 0),
(4031, 5, 6, 132, 900, 0),
(4032, 4, 6, 132, 429, 0),
(4033, 3, 6, 132, 943, 0),
(4034, 5, 7, 132, 603, 0),
(4035, 4, 7, 132, 229, 0),
(4036, 3, 7, 132, 400, 0),
(4037, 2, 7, 132, 207, 0),
(4038, 5, 8, 132, 384, 0),
(4039, 4, 8, 132, 229, 0),
(4040, 5, 2, 133, 555, 0),
(4041, 4, 2, 133, 457, 0),
(4042, 3, 2, 133, 749, 0),
(4043, 2, 2, 133, 748, 0),
(4044, 1, 2, 133, 614, 0),
(4045, 4, 3, 133, 18, 0),
(4046, 3, 3, 133, 429, 0),
(4047, 2, 3, 133, 421, 0),
(4048, 1, 3, 133, 678, 0),
(4049, 5, 5, 133, 26, 0),
(4050, 4, 5, 133, 750, 0),
(4051, 3, 5, 133, 11, 0),
(4052, 2, 5, 133, 421, 0),
(4053, 1, 5, 133, 210, 0),
(4054, 4, 6, 133, 18, 0),
(4055, 3, 6, 133, 393, 0),
(4056, 2, 6, 133, 612, 0),
(4057, 1, 6, 133, 555, 0),
(4058, 5, 7, 133, 282, 0),
(4059, 2, 7, 133, 832, 0),
(4060, 1, 7, 133, 755, 0),
(4061, 5, 8, 133, 678, 0),
(4062, 4, 8, 133, 899, 0),
(4063, 3, 8, 133, 464, 0),
(4064, 5, 2, 134, 58, 0),
(4065, 4, 2, 134, 962, 0),
(4066, 3, 2, 134, 839, 0),
(4067, 2, 2, 134, 743, 0),
(4068, 1, 2, 134, 181, 0),
(4069, 5, 3, 134, 839, 0),
(4070, 4, 3, 134, 181, 0),
(4071, 3, 3, 134, 91, 0),
(4072, 5, 5, 134, 839, 0),
(4073, 4, 5, 134, 608, 0),
(4074, 3, 5, 134, 900, 0),
(4075, 2, 5, 134, 690, 0),
(4076, 5, 6, 134, 839, 0),
(4077, 5, 7, 134, 164, 0),
(4078, 4, 7, 134, 523, 0),
(4079, 3, 7, 134, 75, 0),
(4080, 2, 7, 134, 690, 0),
(4081, 5, 8, 134, 164, 0),
(4082, 4, 8, 134, 756, 0),
(4083, 3, 8, 134, 358, 0),
(4084, 2, 8, 134, 75, 0),
(4085, 5, 2, 135, 603, 0),
(4086, 4, 2, 135, 962, 0),
(4087, 3, 2, 135, 748, 0),
(4088, 2, 2, 135, 384, 0),
(4089, 1, 2, 135, 916, 0),
(4090, 5, 3, 135, 429, 0),
(4091, 4, 3, 135, 743, 0),
(4092, 3, 3, 135, 896, 0),
(4093, 2, 3, 135, 464, 0),
(4094, 1, 3, 135, 831, 0),
(4095, 5, 5, 135, 384, 0),
(4096, 4, 5, 135, 603, 0),
(4097, 3, 5, 135, 429, 0),
(4098, 2, 5, 135, 464, 0),
(4099, 5, 6, 135, 705, 0),
(4100, 4, 6, 135, 429, 0),
(4101, 3, 6, 135, 962, 0),
(4102, 5, 7, 135, 603, 0),
(4103, 4, 7, 135, 207, 0),
(4104, 3, 7, 135, 406, 0),
(4105, 2, 7, 135, 540, 0),
(4106, 5, 8, 135, 384, 0),
(4107, 4, 8, 135, 917, 0),
(4108, 3, 8, 135, 866, 0),
(4109, 5, 2, 136, 390, 0),
(4110, 4, 2, 136, 464, 0),
(4111, 3, 2, 136, 551, 0),
(4112, 2, 2, 136, 384, 0),
(4113, 1, 2, 136, 603, 0),
(4114, 5, 3, 136, 902, 0),
(4115, 4, 3, 136, 18, 0),
(4116, 3, 3, 136, 708, 0),
(4117, 2, 3, 136, 202, 0),
(4118, 1, 3, 136, 551, 0),
(4119, 5, 5, 136, 957, 0),
(4120, 4, 5, 136, 603, 0),
(4121, 3, 5, 136, 287, 0),
(4122, 2, 5, 136, 98, 0),
(4123, 1, 5, 136, 464, 0),
(4124, 5, 6, 136, 958, 0),
(4125, 4, 6, 136, 603, 0),
(4126, 3, 6, 136, 572, 0),
(4127, 2, 6, 136, 216, 0),
(4128, 1, 6, 136, 127, 0),
(4129, 5, 7, 136, 245, 0),
(4130, 4, 7, 136, 406, 0),
(4131, 3, 7, 136, 603, 0),
(4132, 2, 7, 136, 431, 0),
(4133, 1, 7, 136, 672, 0),
(4134, 5, 8, 136, 584, 0),
(4135, 4, 8, 136, 174, 0),
(4136, 3, 8, 136, 326, 0),
(4137, 2, 8, 136, 384, 0),
(4138, 1, 8, 136, 603, 0),
(4139, 5, 2, 137, 555, 0),
(4140, 4, 2, 137, 464, 0),
(4141, 3, 2, 137, 393, 0),
(4142, 2, 2, 137, 587, 0),
(4143, 1, 2, 137, 712, 0),
(4144, 5, 3, 137, 372, 0),
(4145, 4, 3, 137, 225, 0),
(4146, 2, 3, 137, 429, 0),
(4147, 5, 5, 137, 797, 0),
(4148, 4, 5, 137, 925, 0),
(4149, 3, 5, 137, 276, 0),
(4150, 2, 5, 137, 255, 0),
(4151, 1, 5, 137, 202, 0),
(4152, 5, 6, 137, 460, 0),
(4153, 4, 6, 137, 98, 0),
(4154, 3, 6, 137, 137, 0),
(4155, 5, 7, 137, 603, 0),
(4156, 4, 7, 137, 282, 0),
(4157, 3, 7, 137, 406, 0),
(4158, 2, 7, 137, 207, 0),
(4159, 1, 7, 137, 539, 0),
(4160, 5, 8, 137, 384, 0),
(4161, 4, 8, 137, 75, 0),
(4162, 3, 8, 137, 229, 0),
(4163, 2, 8, 137, 962, 0),
(4164, 1, 8, 137, 183, 0),
(4165, 5, 2, 138, 962, 0),
(4166, 4, 2, 138, 363, 0),
(4167, 3, 2, 138, 157, 0),
(4168, 2, 2, 138, 346, 0),
(4169, 1, 2, 138, 93, 0),
(4170, 5, 3, 138, 596, 0),
(4171, 4, 3, 138, 470, 0),
(4172, 3, 3, 138, 705, 0),
(4173, 2, 3, 138, 91, 0),
(4174, 1, 3, 138, 39, 0),
(4175, 5, 5, 138, 962, 0),
(4176, 4, 5, 138, 958, 0),
(4177, 3, 5, 138, 849, 0),
(4178, 2, 5, 138, 900, 0),
(4179, 5, 6, 138, 39, 0),
(4180, 4, 6, 138, 717, 0);
INSERT INTO `registros` (`id_registro`, `valor`, `estimulos_id_estimulo`, `alumnos_id_alumno`, `palabras_id_palabra`, `fase`) VALUES
(4181, 3, 6, 138, 63, 0),
(4182, 2, 6, 138, 705, 0),
(4183, 1, 6, 138, 341, 0),
(4184, 5, 7, 138, 539, 0),
(4185, 4, 7, 138, 406, 0),
(4186, 3, 7, 138, 282, 0),
(4187, 2, 7, 138, 207, 0),
(4188, 1, 7, 138, 903, 0),
(4189, 5, 8, 138, 805, 0),
(4190, 4, 8, 138, 528, 0),
(4191, 3, 8, 138, 482, 0),
(4192, 2, 8, 138, 229, 0),
(4193, 1, 8, 138, 788, 0),
(4194, 5, 2, 139, 540, 0),
(4195, 4, 2, 139, 553, 0),
(4196, 5, 3, 139, 429, 0),
(4197, 4, 3, 139, 596, 0),
(4198, 5, 5, 139, 55, 0),
(4199, 5, 6, 139, 596, 0),
(4200, 4, 6, 139, 429, 0),
(4201, 5, 7, 139, 195, 0),
(4202, 4, 7, 139, 207, 0),
(4203, 3, 7, 139, 523, 0),
(4204, 5, 8, 139, 887, 0),
(4205, 4, 8, 139, 596, 0),
(4206, 5, 2, 140, 962, 0),
(4207, 4, 2, 140, 839, 0),
(4208, 3, 2, 140, 476, 0),
(4209, 2, 2, 140, 603, 0),
(4210, 1, 2, 140, 743, 0),
(4211, 5, 3, 140, 801, 0),
(4212, 4, 3, 140, 686, 0),
(4213, 3, 3, 140, 596, 0),
(4214, 2, 3, 140, 62, 0),
(4215, 1, 3, 140, 328, 0),
(4216, 5, 5, 140, 839, 0),
(4217, 4, 5, 140, 919, 0),
(4218, 3, 5, 140, 62, 0),
(4219, 2, 5, 140, 384, 0),
(4220, 1, 5, 140, 603, 0),
(4221, 5, 6, 140, 712, 0),
(4222, 4, 6, 140, 273, 0),
(4223, 3, 6, 140, 210, 0),
(4224, 2, 6, 140, 748, 0),
(4225, 1, 6, 140, 62, 0),
(4226, 5, 7, 140, 301, 0),
(4227, 4, 7, 140, 229, 0),
(4228, 3, 7, 140, 887, 0),
(4229, 2, 7, 140, 817, 0),
(4230, 1, 7, 140, 382, 0),
(4231, 5, 8, 140, 301, 0),
(4232, 4, 8, 140, 229, 0),
(4233, 3, 8, 140, 887, 0),
(4234, 2, 8, 140, 31, 0),
(4235, 1, 8, 140, 775, 0),
(4236, 5, 2, 141, 384, 0),
(4237, 4, 2, 141, 962, 0),
(4238, 3, 2, 141, 350, 0),
(4239, 2, 2, 141, 9, 0),
(4240, 1, 2, 141, 273, 0),
(4241, 5, 3, 141, 596, 0),
(4242, 3, 3, 141, 962, 0),
(4243, 2, 3, 141, 743, 0),
(4244, 1, 3, 141, 824, 0),
(4245, 5, 5, 141, 384, 0),
(4246, 4, 5, 141, 350, 0),
(4247, 3, 5, 141, 165, 0),
(4248, 2, 5, 141, 801, 0),
(4249, 1, 5, 141, 940, 0),
(4250, 5, 6, 141, 384, 0),
(4251, 4, 6, 141, 940, 0),
(4252, 3, 6, 141, 743, 0),
(4253, 2, 6, 141, 801, 0),
(4254, 1, 6, 141, 866, 0),
(4255, 5, 7, 141, 523, 0),
(4256, 4, 7, 141, 603, 0),
(4257, 3, 7, 141, 207, 0),
(4258, 2, 7, 141, 406, 0),
(4259, 1, 7, 141, 539, 0),
(4260, 5, 8, 141, 962, 0),
(4261, 4, 8, 141, 350, 0),
(4262, 3, 8, 141, 164, 0),
(4263, 2, 8, 141, 9, 0),
(4264, 1, 8, 141, 866, 0),
(4265, 5, 1, 142, 843, 0),
(4266, 4, 1, 142, 55, 0),
(4267, 3, 1, 142, 218, 0),
(4268, 2, 1, 142, 306, 0),
(4269, 1, 1, 142, 511, 0),
(4270, 5, 2, 142, 919, 0),
(4271, 4, 2, 142, 953, 0),
(4272, 3, 2, 142, 91, 0),
(4273, 2, 2, 142, 325, 0),
(4274, 5, 3, 142, 596, 0),
(4275, 4, 3, 142, 154, 0),
(4276, 3, 3, 142, 556, 0),
(4277, 5, 4, 142, 587, 0),
(4278, 4, 4, 142, 924, 0),
(4279, 2, 4, 142, 47, 0),
(4280, 1, 4, 142, 206, 0),
(4281, 5, 5, 142, 919, 0),
(4282, 4, 5, 142, 953, 0),
(4283, 3, 5, 142, 712, 0),
(4284, 2, 5, 142, 587, 0),
(4285, 1, 5, 142, 47, 0),
(4286, 5, 6, 142, 919, 0),
(4287, 4, 6, 142, 712, 0),
(4288, 3, 6, 142, 587, 0),
(4289, 2, 6, 142, 464, 0),
(4290, 5, 7, 142, 406, 0),
(4291, 4, 7, 142, 312, 0),
(4292, 3, 7, 142, 523, 0),
(4293, 2, 7, 142, 594, 0),
(4294, 1, 7, 142, 43, 0),
(4295, 5, 8, 142, 866, 0),
(4296, 4, 8, 142, 229, 0),
(4297, 3, 8, 142, 235, 0),
(4298, 5, 1, 143, 75, 0),
(4299, 4, 1, 143, 843, 0),
(4300, 3, 1, 143, 760, 0),
(4301, 2, 1, 143, 358, 0),
(4302, 5, 2, 143, 944, 0),
(4303, 4, 2, 143, 962, 0),
(4304, 3, 2, 143, 603, 0),
(4305, 2, 2, 143, 229, 0),
(4306, 1, 2, 143, 587, 0),
(4307, 5, 3, 143, 225, 0),
(4308, 4, 3, 143, 494, 0),
(4309, 5, 4, 143, 177, 0),
(4310, 4, 4, 143, 603, 0),
(4311, 3, 4, 143, 627, 0),
(4312, 2, 4, 143, 900, 0),
(4313, 1, 4, 143, 958, 0),
(4314, 5, 5, 143, 354, 0),
(4315, 4, 5, 143, 33, 0),
(4316, 3, 5, 143, 199, 0),
(4317, 2, 5, 143, 450, 0),
(4318, 1, 5, 143, 924, 0),
(4319, 5, 7, 143, 603, 0),
(4320, 4, 7, 143, 539, 0),
(4321, 3, 7, 143, 427, 0),
(4322, 2, 7, 143, 207, 0),
(4323, 1, 7, 143, 406, 0),
(4324, 5, 8, 143, 887, 0),
(4325, 4, 8, 143, 579, 0),
(4326, 3, 8, 143, 74, 0),
(4327, 2, 8, 143, 38, 0),
(4328, 1, 8, 143, 298, 0),
(4329, 5, 1, 144, 75, 0),
(4330, 4, 1, 144, 576, 0),
(4331, 3, 1, 144, 587, 0),
(4332, 2, 1, 144, 464, 0),
(4333, 1, 1, 144, 51, 0),
(4334, 5, 2, 144, 429, 0),
(4335, 4, 2, 144, 252, 0),
(4336, 3, 2, 144, 587, 0),
(4337, 2, 2, 144, 325, 0),
(4338, 1, 2, 144, 464, 0),
(4339, 5, 3, 144, 596, 0),
(4340, 4, 3, 144, 225, 0),
(4341, 3, 3, 144, 328, 0),
(4342, 2, 3, 144, 276, 0),
(4343, 1, 3, 144, 266, 0),
(4344, 5, 4, 144, 635, 0),
(4345, 4, 4, 144, 75, 0),
(4346, 3, 4, 144, 62, 0),
(4347, 2, 4, 144, 74, 0),
(4348, 1, 4, 144, 587, 0),
(4349, 5, 5, 144, 429, 0),
(4350, 4, 5, 144, 587, 0),
(4351, 3, 5, 144, 464, 0),
(4352, 2, 5, 144, 9, 0),
(4353, 1, 5, 144, 325, 0),
(4354, 5, 6, 144, 62, 0),
(4355, 4, 6, 144, 587, 0),
(4356, 3, 6, 144, 276, 0),
(4357, 2, 6, 144, 74, 0),
(4358, 1, 6, 144, 464, 0),
(4359, 5, 7, 144, 603, 0),
(4360, 4, 7, 144, 75, 0),
(4361, 3, 7, 144, 261, 0),
(4362, 2, 7, 144, 367, 0),
(4363, 1, 7, 144, 21, 0),
(4364, 5, 8, 144, 384, 0),
(4365, 4, 8, 144, 556, 0),
(4366, 3, 8, 144, 962, 0),
(4367, 2, 8, 144, 75, 0),
(4368, 1, 8, 144, 261, 0),
(4369, 5, 1, 145, 75, 0),
(4370, 4, 1, 145, 843, 0),
(4371, 5, 2, 145, 843, 0),
(4372, 4, 2, 145, 587, 0),
(4373, 3, 2, 145, 110, 0),
(4374, 2, 2, 145, 703, 0),
(4375, 1, 2, 145, 962, 0),
(4376, 5, 3, 145, 596, 0),
(4377, 4, 3, 145, 553, 0),
(4378, 3, 3, 145, 175, 0),
(4379, 2, 3, 145, 733, 0),
(4380, 1, 3, 145, 66, 0),
(4381, 5, 4, 145, 456, 0),
(4382, 4, 4, 145, 587, 0),
(4383, 3, 4, 145, 553, 0),
(4384, 2, 4, 145, 733, 0),
(4385, 5, 5, 145, 959, 0),
(4386, 4, 5, 145, 972, 0),
(4387, 3, 5, 145, 393, 0),
(4388, 5, 6, 145, 962, 0),
(4389, 4, 6, 145, 9, 0),
(4390, 3, 6, 145, 175, 0),
(4391, 5, 7, 145, 282, 0),
(4392, 4, 7, 145, 959, 0),
(4393, 3, 7, 145, 599, 0),
(4394, 2, 7, 145, 539, 0),
(4395, 5, 8, 145, 606, 0),
(4396, 4, 8, 145, 925, 0),
(4397, 3, 8, 145, 456, 0),
(4398, 2, 8, 145, 965, 0),
(4399, 5, 2, 146, 596, 0),
(4400, 4, 2, 146, 919, 0),
(4401, 3, 2, 146, 839, 0),
(4402, 2, 2, 146, 494, 0),
(4403, 1, 2, 146, 384, 0),
(4404, 5, 3, 146, 429, 0),
(4405, 4, 3, 146, 464, 0),
(4406, 5, 5, 146, 390, 0),
(4407, 4, 5, 146, 429, 0),
(4408, 3, 5, 146, 9, 0),
(4409, 2, 5, 146, 217, 0),
(4410, 5, 6, 146, 7, 0),
(4411, 4, 6, 146, 776, 0),
(4412, 3, 6, 146, 208, 0),
(4413, 5, 7, 146, 603, 0),
(4414, 4, 7, 146, 773, 0),
(4415, 3, 7, 146, 402, 0),
(4416, 2, 7, 146, 332, 0),
(4417, 1, 7, 146, 312, 0),
(4418, 5, 8, 146, 48, 0),
(4419, 4, 8, 146, 456, 0),
(4420, 3, 8, 146, 795, 0),
(4421, 2, 8, 146, 402, 0),
(4422, 5, 2, 147, 91, 0),
(4423, 4, 2, 147, 596, 0),
(4424, 5, 3, 147, 843, 0),
(4425, 4, 3, 147, 596, 0),
(4426, 4, 5, 147, 625, 0),
(4427, 5, 6, 147, 738, 0),
(4428, 4, 6, 147, 120, 0),
(4429, 5, 7, 147, 603, 0),
(4430, 4, 7, 147, 406, 0),
(4431, 3, 7, 147, 539, 0),
(4432, 5, 8, 147, 384, 0),
(4433, 4, 8, 147, 275, 0),
(4434, 5, 2, 148, 962, 0),
(4435, 4, 2, 148, 587, 0),
(4436, 3, 2, 148, 955, 0),
(4437, 5, 3, 148, 596, 0),
(4438, 4, 3, 148, 429, 0),
(4439, 3, 3, 148, 276, 0),
(4440, 5, 5, 148, 9, 0),
(4441, 4, 5, 148, 188, 0),
(4442, 3, 5, 148, 265, 0),
(4443, 5, 6, 148, 587, 0),
(4444, 4, 6, 148, 429, 0),
(4445, 5, 7, 148, 523, 0),
(4446, 4, 7, 148, 406, 0),
(4447, 3, 7, 148, 308, 0),
(4448, 2, 7, 148, 603, 0),
(4449, 5, 8, 148, 26, 0),
(4450, 4, 8, 148, 576, 0),
(4451, 3, 8, 148, 965, 0),
(4452, 2, 8, 148, 384, 0),
(4453, 5, 2, 149, 962, 0),
(4454, 4, 2, 149, 720, 0),
(4455, 5, 3, 149, 596, 0),
(4456, 4, 3, 149, 964, 0),
(4457, 5, 5, 149, 962, 0),
(4458, 4, 5, 149, 720, 0),
(4459, 3, 5, 149, 844, 0),
(4460, 2, 5, 149, 354, 0),
(4461, 5, 6, 149, 596, 0),
(4462, 4, 6, 149, 9, 0),
(4463, 3, 6, 149, 720, 0),
(4464, 2, 6, 149, 844, 0),
(4465, 5, 7, 149, 282, 0),
(4466, 4, 7, 149, 207, 0),
(4467, 3, 7, 149, 268, 0),
(4468, 2, 7, 149, 866, 0),
(4469, 5, 8, 149, 229, 0),
(4470, 4, 8, 149, 962, 0),
(4471, 3, 8, 149, 198, 0),
(4472, 5, 2, 150, 962, 0),
(4473, 4, 2, 150, 587, 0),
(4474, 3, 2, 150, 893, 0),
(4475, 2, 2, 150, 255, 0),
(4476, 1, 2, 150, 464, 0),
(4477, 5, 3, 150, 587, 0),
(4478, 4, 3, 150, 26, 0),
(4479, 3, 3, 150, 468, 0),
(4480, 2, 3, 150, 699, 0),
(4481, 1, 3, 150, 491, 0),
(4482, 5, 5, 150, 255, 0),
(4483, 4, 5, 150, 464, 0),
(4484, 3, 5, 150, 587, 0),
(4485, 2, 5, 150, 491, 0),
(4486, 1, 5, 150, 419, 0),
(4487, 5, 6, 150, 962, 0),
(4488, 4, 6, 150, 464, 0),
(4489, 3, 6, 150, 587, 0),
(4490, 2, 6, 150, 276, 0),
(4491, 1, 6, 150, 47, 0),
(4492, 5, 7, 150, 539, 0),
(4493, 4, 7, 150, 969, 0),
(4494, 3, 7, 150, 372, 0),
(4495, 2, 7, 150, 599, 0),
(4496, 1, 7, 150, 99, 0),
(4497, 5, 8, 150, 183, 0),
(4498, 4, 8, 150, 954, 0),
(4499, 3, 8, 150, 260, 0),
(4500, 2, 8, 150, 584, 0),
(4501, 1, 8, 150, 326, 0),
(4502, 5, 2, 151, 962, 0),
(4503, 4, 2, 151, 354, 0),
(4504, 3, 2, 151, 587, 0),
(4505, 2, 2, 151, 212, 0),
(4506, 1, 2, 151, 603, 0),
(4507, 5, 3, 151, 556, 0),
(4508, 4, 3, 151, 365, 0),
(4509, 3, 3, 151, 384, 0),
(4510, 2, 3, 151, 839, 0),
(4511, 1, 3, 151, 344, 0),
(4512, 5, 5, 151, 958, 0),
(4513, 4, 5, 151, 603, 0),
(4514, 3, 5, 151, 350, 0),
(4515, 2, 5, 151, 191, 0),
(4516, 1, 5, 151, 587, 0),
(4517, 5, 6, 151, 717, 0),
(4518, 4, 6, 151, 98, 0),
(4519, 3, 6, 151, 463, 0),
(4520, 2, 6, 151, 128, 0),
(4521, 5, 7, 151, 969, 0),
(4522, 4, 7, 151, 603, 0),
(4523, 3, 7, 151, 282, 0),
(4524, 2, 7, 151, 582, 0),
(4525, 1, 7, 151, 207, 0),
(4526, 5, 8, 151, 191, 0),
(4527, 4, 8, 151, 679, 0),
(4528, 3, 8, 151, 314, 0),
(4529, 2, 8, 151, 464, 0),
(4530, 1, 8, 151, 839, 0),
(4531, 5, 2, 152, 587, 0),
(4532, 4, 2, 152, 384, 0),
(4533, 3, 2, 152, 717, 0),
(4534, 2, 2, 152, 361, 0),
(4535, 1, 2, 152, 868, 0),
(4536, 5, 3, 152, 533, 0),
(4537, 4, 3, 152, 358, 0),
(4538, 3, 3, 152, 847, 0),
(4539, 2, 3, 152, 875, 0),
(4540, 1, 3, 152, 889, 0),
(4541, 5, 5, 152, 958, 0),
(4542, 4, 5, 152, 603, 0),
(4543, 3, 5, 152, 363, 0),
(4544, 2, 5, 152, 847, 0),
(4545, 1, 5, 152, 368, 0),
(4546, 5, 6, 152, 443, 0),
(4547, 4, 6, 152, 592, 0),
(4548, 3, 6, 152, 619, 0),
(4549, 2, 6, 152, 134, 0),
(4550, 1, 6, 152, 748, 0),
(4551, 5, 7, 152, 603, 0),
(4552, 4, 7, 152, 406, 0),
(4553, 3, 7, 152, 801, 0),
(4554, 2, 7, 152, 869, 0),
(4555, 1, 7, 152, 207, 0),
(4556, 5, 8, 152, 384, 0),
(4557, 4, 8, 152, 357, 0),
(4558, 2, 8, 152, 720, 0),
(4559, 1, 8, 152, 887, 0),
(4565, 5, 5, 157, 962, 1),
(4569, 5, 6, 157, 720, 1),
(4568, 1, 5, 157, 638, 1),
(4567, 2, 5, 157, 175, 1),
(4566, 4, 5, 157, 354, 1),
(4570, 4, 6, 157, 911, 1),
(4571, 3, 6, 157, 287, 1),
(4572, 5, 5, 158, 682, 1),
(4573, 2, 6, 158, 36, 1),
(4574, 3, 5, 159, 296, 1),
(4575, 2, 5, 159, 753, 1),
(4576, 1, 5, 159, 720, 1),
(4577, 5, 6, 159, 720, 1),
(4578, 4, 6, 159, 260, 1),
(4579, 3, 6, 159, 613, 1),
(4580, 2, 6, 159, 911, 1),
(4581, 5, 5, 163, 466, 1),
(4582, 5, 6, 163, 720, 1),
(4583, 4, 6, 163, 84, 1),
(4584, 2, 6, 163, 429, 1),
(4585, 1, 6, 163, 472, 1),
(4586, 5, 5, 164, 384, 1),
(4587, 4, 5, 164, 128, 1),
(4588, 3, 5, 164, 26, 1),
(4589, 2, 5, 164, 456, 1),
(4590, 1, 5, 164, 7, 1),
(4591, 5, 6, 164, 421, 1),
(4592, 4, 6, 164, 62, 1),
(4593, 3, 6, 164, 456, 1),
(4594, 2, 6, 164, 26, 1),
(4595, 1, 6, 164, 420, 1),
(4596, 4, 5, 165, 47, 1),
(4597, 3, 5, 165, 587, 1),
(4598, 2, 5, 165, 276, 1),
(4599, 1, 5, 165, 419, 1),
(4600, 3, 6, 165, 419, 1),
(4601, 3, 5, 166, 363, 1),
(4602, 2, 5, 166, 592, 1),
(4603, 2, 6, 166, 21, 1),
(4604, 5, 6, 167, 210, 1),
(4605, 3, 6, 167, 391, 1),
(4606, 5, 5, 168, 393, 1),
(4607, 4, 5, 168, 958, 1),
(4608, 3, 5, 168, 745, 1),
(4609, 5, 6, 168, 9, 1),
(4610, 4, 6, 168, 207, 1),
(4611, 2, 6, 168, 957, 1),
(4612, 5, 5, 169, 325, 1),
(4613, 4, 5, 169, 962, 1),
(4614, 5, 6, 169, 11, 1),
(4615, 4, 6, 169, 10, 1),
(4616, 3, 6, 169, 429, 1),
(4617, 5, 5, 170, 689, 1),
(4618, 4, 5, 170, 419, 1),
(4619, 2, 5, 170, 962, 1),
(4620, 1, 5, 170, 62, 1),
(4621, 5, 6, 170, 720, 1),
(4622, 4, 6, 170, 706, 1),
(4623, 3, 6, 170, 705, 1),
(4624, 5, 5, 171, 199, 1),
(4625, 4, 5, 171, 429, 1),
(4626, 2, 5, 171, 587, 1),
(4627, 1, 5, 171, 62, 1),
(4628, 5, 6, 171, 720, 1),
(4629, 3, 6, 171, 419, 1),
(4630, 2, 6, 171, 587, 1),
(4631, 1, 6, 171, 753, 1),
(4632, 5, 5, 172, 365, 1),
(4633, 1, 5, 172, 429, 1),
(4634, 5, 6, 172, 888, 1),
(4635, 4, 6, 172, 720, 1),
(4636, 3, 6, 172, 513, 1),
(4637, 2, 6, 172, 10, 1),
(4638, 1, 6, 172, 321, 1),
(4639, 5, 5, 175, 384, 1),
(4640, 4, 5, 175, 841, 1),
(4641, 5, 6, 175, 106, 1),
(4642, 4, 6, 175, 592, 1),
(4643, 3, 6, 175, 717, 1),
(4644, 2, 6, 175, 11, 1),
(4645, 3, 5, 176, 229, 1),
(4646, 2, 5, 176, 11, 1),
(4647, 4, 6, 176, 705, 1),
(4648, 5, 5, 178, 9, 1),
(4649, 3, 5, 178, 10, 1),
(4650, 2, 5, 178, 429, 1),
(4651, 1, 5, 178, 553, 1),
(4652, 5, 6, 178, 11, 1),
(4653, 4, 6, 178, 12, 1),
(4654, 3, 6, 178, 10, 1),
(4655, 2, 6, 178, 9, 1),
(4656, 1, 6, 178, 199, 1),
(4657, 5, 5, 179, 603, 1),
(4658, 4, 5, 179, 959, 1),
(4659, 3, 5, 179, 962, 1),
(4660, 2, 5, 179, 384, 1),
(4661, 1, 5, 179, 354, 1),
(4662, 5, 6, 179, 11, 1),
(4663, 4, 6, 179, 720, 1),
(4664, 3, 6, 179, 540, 1),
(4665, 2, 6, 179, 911, 1),
(4666, 1, 6, 179, 36, 1),
(4667, 5, 5, 180, 12, 1),
(4668, 4, 5, 180, 479, 1),
(4669, 3, 5, 180, 198, 1),
(4670, 4, 6, 180, 12, 1),
(4671, 5, 5, 181, 161, 1),
(4672, 4, 5, 181, 961, 1),
(4673, 5, 6, 181, 18, 1),
(4674, 4, 6, 181, 559, 1),
(4675, 5, 5, 182, 393, 1),
(4676, 4, 5, 182, 948, 1),
(4677, 3, 6, 182, 948, 1),
(4678, 1, 6, 182, 279, 1),
(4679, 4, 5, 183, 199, 1),
(4680, 5, 6, 183, 199, 1),
(4681, 4, 6, 183, 18, 1),
(4682, 3, 6, 183, 596, 1),
(4683, 5, 5, 184, 555, 1),
(4684, 4, 5, 184, 143, 1),
(4685, 2, 5, 184, 748, 1),
(4686, 1, 5, 184, 866, 1),
(4687, 5, 6, 184, 603, 1),
(4688, 4, 6, 184, 920, 1),
(4689, 3, 6, 184, 420, 1),
(4690, 2, 6, 184, 202, 1),
(4691, 5, 5, 185, 556, 1),
(4692, 4, 5, 185, 962, 1),
(4693, 3, 5, 185, 479, 1),
(4694, 4, 6, 185, 957, 1),
(4695, 5, 5, 187, 18, 1),
(4696, 4, 5, 187, 18, 1),
(4697, 3, 5, 187, 18, 1),
(4698, 2, 5, 187, 18, 1),
(4699, 1, 5, 187, 18, 1),
(4700, 4, 6, 187, 18, 1),
(4701, 5, 5, 189, 2, 1);

/*!40101 SET CHARACTER_SET_CLIENT=@OLD_CHARACTER_SET_CLIENT */;
/*!40101 SET CHARACTER_SET_RESULTS=@OLD_CHARACTER_SET_RESULTS */;
/*!40101 SET COLLATION_CONNECTION=@OLD_COLLATION_CONNECTION */;
